case,t,i_headline,B_t_2024B_per_yr,PV_weight_years
smr100_eia_p05,2038,0.523,8.24,3
smr100_eia_p05,2041,0.27,2.64,3
smr100_eia_p05,2044,0.051,0.02,3
smr100_eia_p05,2050,0.016,0.06,3
smr100_eia_p50,2038,0.792,18.17,3
smr100_eia_p50,2041,0.705,11.24,3
smr100_eia_p50,2044,0.648,0.33,3
smr100_eia_p50,2047,0.566,0.3,3
smr100_eia_p50,2050,0.626,5.07,3
smr100_eia_p95,2038,0.983,29.84,3
smr100_eia_p95,2041,0.958,18.95,3
smr100_eia_p95,2044,0.863,0.61,3
smr100_eia_p95,2047,0.819,0.59,3
smr100_eia_p95,2050,0.862,9.44,3
smr100_aj_p05,2031,0.663,1.04,2
smr100_aj_p05,2032,0.371,1.21,1
smr100_aj_p05,2033,0.637,1.64,1
smr100_aj_p05,2034,0.611,1.48,1
smr100_aj_p05,2035,0.576,1.33,1
smr100_aj_p05,2038,0.502,3.05,3
smr100_aj_p05,2041,0.286,1.97,3
smr100_aj_p05,2044,0.264,2.05,3
smr100_aj_p05,2047,0.238,2.68,3
smr100_aj_p05,2050,0.288,4.35,3
smr100_aj_p50,2031,0.697,1.16,2
smr100_aj_p50,2032,0.464,1.74,1
smr100_aj_p50,2033,0.787,2.4,1
smr100_aj_p50,2034,0.727,2.2,1
smr100_aj_p50,2035,0.705,2.11,1
smr100_aj_p50,2038,0.722,5.87,3
smr100_aj_p50,2041,0.665,6.93,3
smr100_aj_p50,2044,0.688,8.66,3
smr100_aj_p50,2047,0.685,14.06,3
smr100_aj_p50,2050,0.75,23.12,3
smr100_aj_p95,2031,0.9,1.99,2
smr100_aj_p95,2032,0.713,3.67,1
smr100_aj_p95,2033,0.989,3.83,1
smr100_aj_p95,2034,0.966,3.76,1
smr100_aj_p95,2035,0.9,3.68,1
smr100_aj_p95,2038,0.964,9.93,3
smr100_aj_p95,2041,0.965,11.77,3
smr100_aj_p95,2044,0.969,14.54,3
smr100_aj_p95,2047,0.977,25.27,3
smr100_aj_p95,2050,1.013,39.46,3
smr100_iaea_p05,2031,0.649,7.08,2
smr100_iaea_p05,2032,0.415,7.84,1
smr100_iaea_p05,2033,0.485,7.74,1
smr100_iaea_p05,2034,0.373,5.56,1
smr100_iaea_p05,2035,0.348,4.99,1
smr100_iaea_p05,2038,0.285,3.83,3
smr100_iaea_p05,2041,0.226,3.12,3
smr100_iaea_p05,2044,0.222,3.03,3
smr100_iaea_p05,2047,0.166,2.21,3
smr100_iaea_p05,2050,0.248,4.02,3
smr100_iaea_p50,2031,0.95,16.52,2
smr100_iaea_p50,2032,0.822,24.08,1
smr100_iaea_p50,2033,0.862,20.59,1
smr100_iaea_p50,2034,0.813,17.92,1
smr100_iaea_p50,2035,0.761,15.86,1
smr100_iaea_p50,2038,0.755,14.15,3
smr100_iaea_p50,2041,0.708,13.48,3
smr100_iaea_p50,2044,0.697,13.08,3
smr100_iaea_p50,2047,0.659,11.8,3
smr100_iaea_p50,2050,0.733,15.72,3
smr100_iaea_p95,2031,0.979,16.66,2
smr100_iaea_p95,2032,0.95,32.51,1
smr100_iaea_p95,2033,0.973,30.54,1
smr100_iaea_p95,2034,0.952,29.43,1
smr100_iaea_p95,2035,0.958,28.81,1
smr100_iaea_p95,2038,0.959,28.01,3
smr100_iaea_p95,2041,0.958,30.02,3
smr100_iaea_p95,2044,0.968,31.21,3
smr100_iaea_p95,2047,0.935,32.12,3
smr100_iaea_p95,2050,1.007,42.72,3
smr100_mck_p05,2031,0.649,7.57,2
smr100_mck_p05,2032,0.483,9.81,1
smr100_mck_p05,2033,0.526,8.93,1
smr100_mck_p05,2034,0.427,6.68,1
smr100_mck_p05,2035,0.373,5.55,1
smr100_mck_p05,2038,0.288,3.9,3
smr100_mck_p05,2041,0.223,3.75,3
smr100_mck_p05,2044,0.181,3.68,3
smr100_mck_p05,2047,0.132,2.56,3
smr100_mck_p05,2050,0.205,4.28,3
smr100_mck_p50,2031,0.885,13.41,2
smr100_mck_p50,2032,0.771,21.73,1
smr100_mck_p50,2033,0.824,19.94,1
smr100_mck_p50,2034,0.78,17.98,1
smr100_mck_p50,2035,0.772,17.17,1
smr100_mck_p50,2038,0.747,15.48,3
smr100_mck_p50,2041,0.735,19.44,3
smr100_mck_p50,2044,0.727,24.96,3
smr100_mck_p50,2047,0.719,23.82,3
smr100_mck_p50,2050,0.757,27.66,3
smr100_mck_p95,2031,0.966,17.58,2
smr100_mck_p95,2032,0.937,34.02,1
smr100_mck_p95,2033,0.996,33.02,1
smr100_mck_p95,2034,0.935,30.56,1
smr100_mck_p95,2035,0.939,29.66,1
smr100_mck_p95,2038,0.939,28.64,3
smr100_mck_p95,2041,0.941,38.42,3
smr100_mck_p95,2044,0.956,51.84,3
smr100_mck_p95,2047,0.974,54.17,3
smr100_mck_p95,2050,1.006,63.73,3
smr100_cop28_p05,2031,0.731,17.04,2
smr100_cop28_p05,2032,0.486,17.48,1
smr100_cop28_p05,2033,0.519,15.45,1
smr100_cop28_p05,2034,0.396,10.71,1
smr100_cop28_p05,2035,0.313,7.83,1
smr100_cop28_p05,2038,0.174,1.83,3
smr100_cop28_p05,2041,0.157,3.62,3
smr100_cop28_p05,2044,0.142,5.29,3
smr100_cop28_p05,2047,0.129,4.41,3
smr100_cop28_p05,2050,0.256,8.44,3
smr100_cop28_p50,2031,0.943,30.98,2
smr100_cop28_p50,2032,0.782,41.3,1
smr100_cop28_p50,2033,0.85,38.17,1
smr100_cop28_p50,2034,0.792,33.09,1
smr100_cop28_p50,2035,0.767,30.21,1
smr100_cop28_p50,2038,0.719,11.73,3
smr100_cop28_p50,2041,0.726,26.58,3
smr100_cop28_p50,2044,0.771,51.3,3
smr100_cop28_p50,2047,0.806,50.42,3
smr100_cop28_p50,2050,0.892,54.8,3
smr100_cop28_p95,2031,1.044,39.04,2
smr100_cop28_p95,2032,0.967,69.58,1
smr100_cop28_p95,2033,1.041,68.55,1
smr100_cop28_p95,2034,1.018,64.83,1
smr100_cop28_p95,2035,1.008,61.86,1
smr100_cop28_p95,2038,0.993,24.99,3
smr100_cop28_p95,2041,1.001,58.83,3
smr100_cop28_p95,2044,1.035,115.62,3
smr100_cop28_p95,2047,1.087,115.12,3
smr100_cop28_p95,2050,1.13,121.82,3
smr100_eo_p05,2031,0.706,22.86,2
smr100_eo_p05,2032,0.448,21.25,1
smr100_eo_p05,2033,0.494,19.56,1
smr100_eo_p05,2034,0.381,13.7,1
smr100_eo_p05,2035,0.298,9.99,1
smr100_eo_p05,2038,0.178,5.22,3
smr100_eo_p05,2041,0.134,4.88,3
smr100_eo_p05,2044,0.229,10.3,3
smr100_eo_p05,2047,0.312,12.9,3
smr100_eo_p05,2050,0.4,16.05,3
smr100_eo_p50,2031,0.811,28.7,2
smr100_eo_p50,2032,0.666,42.34,1
smr100_eo_p50,2033,0.76,44.33,1
smr100_eo_p50,2034,0.727,41.46,1
smr100_eo_p50,2035,0.704,38.75,1
smr100_eo_p50,2038,0.709,37.67,3
smr100_eo_p50,2041,0.723,50.16,3
smr100_eo_p50,2044,0.803,79.0,3
smr100_eo_p50,2047,0.869,84.11,3
smr100_eo_p50,2050,0.92,90.1,3
smr100_eo_p95,2031,1.117,58.49,2
smr100_eo_p95,2032,0.954,90.44,1
smr100_eo_p95,2033,1.039,89.79,1
smr100_eo_p95,2034,1.025,85.95,1
smr100_eo_p95,2035,1.011,82.06,1
smr100_eo_p95,2038,1.025,79.43,3
smr100_eo_p95,2041,1.042,105.99,3
smr100_eo_p95,2044,1.1,158.65,3
smr100_eo_p95,2047,1.146,162.21,3
smr100_eo_p95,2050,1.187,169.6,3
large100_eia_p50,2038,0.98,22.26,3
large100_eia_p50,2041,0.826,13.74,3
large100_eia_p50,2044,0.754,0.41,3
large100_eia_p50,2047,0.676,0.38,3
large100_eia_p50,2050,0.732,5.1,3
large100_aj_p50,2031,0.971,2.32,2
large100_aj_p50,2032,0.703,2.59,1
large100_aj_p50,2033,1.066,3.08,1
large100_aj_p50,2034,1.041,2.92,1
large100_aj_p50,2035,0.956,2.78,1
large100_aj_p50,2038,1.032,7.59,3
large100_aj_p50,2041,0.992,9.31,3
large100_aj_p50,2044,0.857,10.21,3
large100_aj_p50,2047,0.855,15.97,3
large100_aj_p50,2050,0.919,23.59,3
large100_iaea_p50,2031,1.068,15.17,2
large100_iaea_p50,2032,1.018,26.87,1
large100_iaea_p50,2033,1.084,25.33,1
large100_iaea_p50,2034,1.05,23.76,1
large100_iaea_p50,2035,1.048,22.62,1
large100_iaea_p50,2038,0.971,19.56,3
large100_iaea_p50,2041,0.868,18.97,3
large100_iaea_p50,2044,0.892,19.13,3
large100_iaea_p50,2047,0.847,17.9,3
large100_iaea_p50,2050,0.901,21.96,3
large100_mck_p50,2031,1.029,15.36,2
large100_mck_p50,2032,0.98,27.16,1
large100_mck_p50,2033,1.047,25.76,1
large100_mck_p50,2034,0.962,23.09,1
large100_mck_p50,2035,0.961,22.1,1
large100_mck_p50,2038,0.898,19.67,3
large100_mck_p50,2041,0.895,25.86,3
large100_mck_p50,2044,0.902,34.1,3
large100_mck_p50,2047,0.871,32.34,3
large100_mck_p50,2050,0.887,35.66,3
large100_cop28_p50,2031,0.919,22.4,2
large100_cop28_p50,2032,0.879,42.25,1
large100_cop28_p50,2033,0.933,42.69,1
large100_cop28_p50,2034,0.854,39.04,1
large100_cop28_p50,2035,0.85,38.54,1
large100_cop28_p50,2038,0.79,15.44,3
large100_cop28_p50,2041,0.81,38.12,3
large100_cop28_p50,2044,0.871,83.83,3
large100_cop28_p50,2047,0.931,89.58,3
large100_cop28_p50,2050,0.979,96.55,3
large100_eo_p50,2031,1.022,33.26,2
large100_eo_p50,2032,0.844,54.16,1
large100_eo_p50,2033,0.961,59.36,1
large100_eo_p50,2034,0.896,55.49,1
large100_eo_p50,2035,0.883,54.06,1
large100_eo_p50,2038,0.853,52.35,3
large100_eo_p50,2041,0.875,72.0,3
large100_eo_p50,2044,0.952,114.58,3
large100_eo_p50,2047,1.011,121.92,3
large100_eo_p50,2050,1.055,128.58,3
smr100_eia_p50_eq,2038,0.792,18.17,3
smr100_eia_p50_eq,2041,0.705,11.24,3
smr100_eia_p50_eq,2044,0.648,0.33,3
smr100_eia_p50_eq,2047,0.566,0.3,3
smr100_eia_p50_eq,2050,0.626,5.07,3
large100_eia_p05,2038,0.762,14.04,3
large100_eia_p05,2041,0.598,7.89,3
large100_eia_p05,2044,0.543,0.24,3
large100_eia_p05,2047,0.458,0.21,3
large100_eia_p05,2050,0.511,2.78,3
large100_eia_p95,2038,1.15,29.96,3
large100_eia_p95,2041,1.033,19.07,3
large100_eia_p95,2044,0.934,0.62,3
large100_eia_p95,2047,0.893,0.61,3
large100_eia_p95,2050,0.935,7.95,3
large100_aj_p05,2031,0.679,1.39,2
large100_aj_p05,2032,0.391,1.15,1
large100_aj_p05,2033,0.71,1.73,1
large100_aj_p05,2034,0.707,1.68,1
large100_aj_p05,2035,0.689,1.61,1
large100_aj_p05,2038,0.755,4.71,3
large100_aj_p05,2041,0.654,5.43,3
large100_aj_p05,2044,0.625,6.46,3
large100_aj_p05,2047,0.632,10.0,3
large100_aj_p05,2050,0.646,14.25,3
large100_aj_p95,2031,1.037,2.7,2
large100_aj_p95,2032,0.791,3.2,1
large100_aj_p95,2033,1.14,3.54,1
large100_aj_p95,2034,1.114,3.47,1
large100_aj_p95,2035,1.036,3.41,1
large100_aj_p95,2038,1.123,9.68,3
large100_aj_p95,2041,1.132,11.88,3
large100_aj_p95,2044,1.088,14.57,3
large100_aj_p95,2047,1.052,25.03,3
large100_aj_p95,2050,1.095,38.31,3
large100_iaea_p05,2031,0.802,9.07,2
large100_iaea_p05,2032,0.717,15.15,1
large100_iaea_p05,2033,0.798,15.12,1
large100_iaea_p05,2034,0.697,12.75,1
large100_iaea_p05,2035,0.663,11.91,1
large100_iaea_p05,2038,0.622,10.76,3
large100_iaea_p05,2041,0.605,11.27,3
large100_iaea_p05,2044,0.588,11.14,3
large100_iaea_p05,2047,0.567,10.58,3
large100_iaea_p05,2050,0.585,12.73,3
large100_iaea_p95,2031,1.107,16.43,2
large100_iaea_p95,2032,1.081,31.13,1
large100_iaea_p95,2033,1.157,31.2,1
large100_iaea_p95,2034,1.137,30.67,1
large100_iaea_p95,2035,1.089,28.99,1
large100_iaea_p95,2038,1.096,28.81,3
large100_iaea_p95,2041,1.045,29.95,3
large100_iaea_p95,2044,1.058,31.35,3
large100_iaea_p95,2047,1.023,32.63,3
large100_iaea_p95,2050,1.049,39.66,3
large100_mck_p05,2031,0.813,9.53,2
large100_mck_p05,2032,0.728,15.9,1
large100_mck_p05,2033,0.805,15.69,1
large100_mck_p05,2034,0.756,14.15,1
large100_mck_p05,2035,0.714,13.03,1
large100_mck_p05,2038,0.664,11.48,3
large100_mck_p05,2041,0.648,14.38,3
large100_mck_p05,2044,0.583,16.77,3
large100_mck_p05,2047,0.576,16.03,3
large100_mck_p05,2050,0.619,18.16,3
large100_mck_p95,2031,1.024,16.28,2
large100_mck_p95,2032,0.997,30.78,1
large100_mck_p95,2033,1.073,30.89,1
large100_mck_p95,2034,1.052,30.35,1
large100_mck_p95,2035,1.061,30.22,1
large100_mck_p95,2038,1.019,28.9,3
large100_mck_p95,2041,1.027,39.22,3
large100_mck_p95,2044,0.997,52.81,3
large100_mck_p95,2047,1.02,56.21,3
large100_mck_p95,2050,1.054,64.8,3
large100_cop28_p05,2031,0.793,16.95,2
large100_cop28_p05,2032,0.703,27.6,1
large100_cop28_p05,2033,0.747,26.89,1
large100_cop28_p05,2034,0.691,24.03,1
large100_cop28_p05,2035,0.621,21.05,1
large100_cop28_p05,2038,0.575,8.26,3
large100_cop28_p05,2041,0.587,19.48,3
large100_cop28_p05,2044,0.602,38.85,3
large100_cop28_p05,2047,0.652,41.09,3
large100_cop28_p05,2050,0.729,45.75,3
large100_cop28_p95,2031,1.114,33.74,2
large100_cop28_p95,2032,1.092,64.85,1
large100_cop28_p95,2033,1.158,65.33,1
large100_cop28_p95,2034,1.085,61.16,1
large100_cop28_p95,2035,1.079,60.46,1
large100_cop28_p95,2038,1.072,25.14,3
large100_cop28_p95,2041,1.034,58.87,3
large100_cop28_p95,2044,1.078,122.8,3
large100_cop28_p95,2047,1.09,122.29,3
large100_cop28_p95,2050,1.124,128.59,3
large100_eo_p05,2031,0.873,27.54,2
large100_eo_p05,2032,0.688,37.84,1
large100_eo_p05,2033,0.737,36.68,1
large100_eo_p05,2034,0.691,33.13,1
large100_eo_p05,2035,0.654,30.07,1
large100_eo_p05,2038,0.587,25.72,3
large100_eo_p05,2041,0.593,33.59,3
large100_eo_p05,2044,0.694,52.93,3
large100_eo_p05,2047,0.765,57.1,3
large100_eo_p05,2050,0.828,61.22,3
large100_eo_p95,2031,1.184,48.24,2
large100_eo_p95,2032,1.105,90.08,1
large100_eo_p95,2033,1.152,90.52,1
large100_eo_p95,2034,1.092,85.55,1
large100_eo_p95,2035,1.079,83.79,1
large100_eo_p95,2038,1.05,80.65,3
large100_eo_p95,2041,1.069,110.29,3
large100_eo_p95,2044,1.127,168.98,3
large100_eo_p95,2047,1.173,173.73,3
large100_eo_p95,2050,1.21,181.67,3
