case,t,S_t_2004_per_MW,C_cut_2004_per_MW,C_hold_2004_per_MW,cut_over_S,hold_over_S,tail_share_of_hold
smr100_eia_p05,2038,1571121,423901,438791,0.27,0.28,0.03
smr100_eia_p05,2041,722158,159114,178295,0.22,0.25,0.11
smr100_eia_p05,2044,160982,31349,55548,0.19,0.35,0.44
smr100_eia_p05,2050,39471,2537,39469,0.06,1.0,0.94
smr100_eia_p50,2038,3612125,1913493,2954794,0.53,0.82,0.35
smr100_eia_p50,2041,2998894,1463894,2805270,0.49,0.94,0.48
smr100_eia_p50,2044,2900150,1069476,2761798,0.37,0.95,0.61
smr100_eia_p50,2047,2606924,629354,2732113,0.24,1.05,0.77
smr100_eia_p50,2050,2760373,177451,2760227,0.06,1.0,0.94
smr100_eia_p95,2038,6167510,3451822,5403391,0.56,0.88,0.36
smr100_eia_p95,2041,5464113,2715456,5229415,0.5,0.96,0.48
smr100_eia_p95,2044,5331389,2004978,5176664,0.38,0.97,0.61
smr100_eia_p95,2047,5011255,1202496,5143411,0.24,1.03,0.77
smr100_eia_p95,2050,5173388,332573,5173116,0.06,1.0,0.94
smr100_aj_p05,2031,3299418,1451624,1562722,0.44,0.47,0.07
smr100_aj_p05,2032,2124670,1305939,1431677,0.61,0.67,0.09
smr100_aj_p05,2033,2876390,1232014,1373175,0.43,0.48,0.1
smr100_aj_p05,2034,2589034,1103213,1260625,0.43,0.49,0.12
smr100_aj_p05,2035,2348644,986973,1161506,0.42,0.49,0.15
smr100_aj_p05,2038,1699971,651038,882637,0.38,0.52,0.26
smr100_aj_p05,2041,957413,397146,695487,0.41,0.73,0.43
smr100_aj_p05,2044,743633,259324,635720,0.35,0.85,0.59
smr100_aj_p05,2047,601474,143945,611628,0.24,1.02,0.76
smr100_aj_p05,2050,613945,39468,613913,0.06,1.0,0.94
smr100_aj_p50,2031,3794013,2842539,3435335,0.75,0.91,0.17
smr100_aj_p50,2032,3069938,2737888,3408795,0.89,1.11,0.2
smr100_aj_p50,2033,3925865,2676670,3429875,0.68,0.87,0.22
smr100_aj_p50,2034,3821823,2554200,3394112,0.67,0.89,0.25
smr100_aj_p50,2035,3719838,2432214,3363480,0.65,0.9,0.28
smr100_aj_p50,2038,3438827,2047470,3283230,0.6,0.95,0.38
smr100_aj_p50,2041,3301597,1657716,3249590,0.5,0.98,0.49
smr100_aj_p50,2044,3198174,1231294,3239651,0.38,1.01,0.62
smr100_aj_p50,2047,3136672,754746,3250188,0.24,1.04,0.77
smr100_aj_p50,2050,3275862,210590,3275689,0.06,1.0,0.94
smr100_aj_p95,2031,6731534,5096123,6107057,0.76,0.91,0.17
smr100_aj_p95,2032,6470700,4913271,6057414,0.76,0.94,0.19
smr100_aj_p95,2033,6751733,4738287,6022777,0.7,0.89,0.21
smr100_aj_p95,2034,6532744,4534892,5967251,0.69,0.91,0.24
smr100_aj_p95,2035,6473822,4335430,5923580,0.67,0.92,0.27
smr100_aj_p95,2038,6197829,3683221,5790646,0.59,0.93,0.36
smr100_aj_p95,2041,5986184,2979585,5694315,0.5,0.95,0.48
smr100_aj_p95,2044,5780318,2202016,5627003,0.38,0.97,0.61
smr100_aj_p95,2047,5620041,1336745,5592391,0.24,1.0,0.76
smr100_aj_p95,2050,5586550,359133,5586255,0.06,1.0,0.94
smr100_iaea_p05,2031,2718624,801323,896189,0.29,0.33,0.11
smr100_iaea_p05,2032,1493704,660129,767496,0.44,0.51,0.14
smr100_iaea_p05,2033,1487052,594333,714870,0.4,0.48,0.17
smr100_iaea_p05,2034,1127782,525463,659875,0.47,0.59,0.2
smr100_iaea_p05,2035,1002894,477235,626267,0.48,0.62,0.24
smr100_iaea_p05,2038,711398,343244,541005,0.48,0.76,0.37
smr100_iaea_p05,2041,544738,248999,503749,0.46,0.92,0.51
smr100_iaea_p05,2044,506742,174487,495888,0.34,0.98,0.65
smr100_iaea_p05,2047,363890,95486,494836,0.26,1.36,0.81
smr100_iaea_p05,2050,524243,33701,524215,0.06,1.0,0.94
smr100_iaea_p50,2031,6643152,2601559,2973434,0.39,0.45,0.13
smr100_iaea_p50,2032,4444070,2291022,2711898,0.52,0.61,0.16
smr100_iaea_p50,2033,4005393,2112789,2585293,0.53,0.65,0.18
smr100_iaea_p50,2034,3477411,1954717,2481614,0.56,0.71,0.21
smr100_iaea_p50,2035,3208512,1823935,2408141,0.57,0.75,0.24
smr100_iaea_p50,2038,2669032,1445638,2220860,0.54,0.83,0.35
smr100_iaea_p50,2041,2362335,1118806,2117426,0.47,0.9,0.47
smr100_iaea_p50,2044,2166949,802285,2062175,0.37,0.95,0.61
smr100_iaea_p50,2047,1970453,473973,2039424,0.24,1.04,0.77
smr100_iaea_p50,2050,2055027,132108,2054919,0.06,1.0,0.94
smr100_iaea_p95,2031,6754925,4702821,5701800,0.7,0.84,0.18
smr100_iaea_p95,2032,6189784,4497310,5627923,0.73,0.91,0.2
smr100_iaea_p95,2033,6015376,4319063,5588364,0.72,0.93,0.23
smr100_iaea_p95,2034,5789954,4143077,5558498,0.72,0.96,0.25
smr100_iaea_p95,2035,5747604,3972930,5542299,0.69,0.96,0.28
smr100_iaea_p95,2038,5587667,3414877,5497381,0.61,0.98,0.38
smr100_iaea_p95,2041,5473054,2796491,5479118,0.51,1.0,0.49
smr100_iaea_p95,2044,5439184,2097835,5482318,0.39,1.01,0.62
smr100_iaea_p95,2047,5373794,1287997,5493318,0.24,1.02,0.77
smr100_iaea_p95,2050,5520484,354886,5520193,0.06,1.0,0.94
smr100_mck_p05,2031,2832320,824448,891179,0.29,0.31,0.07
smr100_mck_p05,2032,1748840,676793,752317,0.39,0.43,0.1
smr100_mck_p05,2033,1667925,594610,679398,0.36,0.41,0.12
smr100_mck_p05,2034,1253805,513504,608052,0.41,0.48,0.16
smr100_mck_p05,2035,1082769,456099,560932,0.42,0.52,0.19
smr100_mck_p05,2038,703760,301411,440520,0.43,0.63,0.32
smr100_mck_p05,2041,515064,201710,380907,0.39,0.74,0.47
smr100_mck_p05,2044,373924,125541,351621,0.34,0.94,0.64
smr100_mck_p05,2047,253426,66701,347612,0.26,1.37,0.81
smr100_mck_p05,2050,368763,23706,368743,0.06,1.0,0.94
smr100_mck_p50,2031,5146827,2585530,3017577,0.5,0.59,0.14
smr100_mck_p50,2032,3897752,2375480,2864458,0.61,0.73,0.17
smr100_mck_p50,2033,3772428,2238775,2787733,0.59,0.74,0.2
smr100_mck_p50,2034,3400838,2103233,2715386,0.62,0.8,0.23
smr100_mck_p50,2035,3234020,1985595,2664330,0.61,0.82,0.25
smr100_mck_p50,2038,2879268,1629236,2529896,0.57,0.88,0.36
smr100_mck_p50,2041,2674110,1288481,2448687,0.48,0.92,0.47
smr100_mck_p50,2044,2456746,933919,2397670,0.38,0.98,0.61
smr100_mck_p50,2047,2372035,565826,2384580,0.24,1.01,0.76
smr100_mck_p50,2050,2387548,153484,2387423,0.06,1.0,0.94
smr100_mck_p95,2031,6956070,4712923,5687648,0.68,0.82,0.17
smr100_mck_p95,2032,6313756,4494329,5597492,0.71,0.89,0.2
smr100_mck_p95,2033,6328137,4307526,5546009,0.68,0.88,0.22
smr100_mck_p95,2034,5815797,4109739,5490794,0.71,0.94,0.25
smr100_mck_p95,2035,5745954,3936054,5467321,0.69,0.95,0.28
smr100_mck_p95,2038,5545592,3372104,5404047,0.61,0.97,0.38
smr100_mck_p95,2041,5415920,2755483,5372979,0.51,0.99,0.49
smr100_mck_p95,2044,5330528,2062117,5364429,0.39,1.01,0.62
smr100_mck_p95,2047,5313080,1269506,5372727,0.24,1.01,0.76
smr100_mck_p95,2050,5386454,346270,5386170,0.06,1.0,0.94
smr100_cop28_p05,2031,3289431,689694,750775,0.21,0.23,0.08
smr100_cop28_p05,2032,1624748,503858,572988,0.31,0.35,0.12
smr100_cop28_p05,2033,1454192,420813,498423,0.29,0.34,0.16
smr100_cop28_p05,2034,1003037,344869,431414,0.34,0.43,0.2
smr100_cop28_p05,2035,756619,295413,391371,0.39,0.52,0.25
smr100_cop28_p05,2038,378075,183370,310702,0.49,0.82,0.41
smr100_cop28_p05,2041,320403,133444,297470,0.42,0.93,0.55
smr100_cop28_p05,2044,231251,87412,294353,0.38,1.27,0.7
smr100_cop28_p05,2047,186265,52680,309810,0.28,1.66,0.83
smr100_cop28_p05,2050,337544,21699,337526,0.06,1.0,0.94
smr100_cop28_p50,2031,5951938,2431700,2832164,0.41,0.48,0.14
smr100_cop28_p50,2032,3855790,2158877,2612110,0.56,0.68,0.17
smr100_cop28_p50,2033,3628162,2013407,2522236,0.55,0.7,0.2
smr100_cop28_p50,2034,3131444,1875560,2442964,0.6,0.78,0.23
smr100_cop28_p50,2035,2866721,1763968,2393087,0.62,0.83,0.26
smr100_cop28_p50,2038,2481937,1448741,2283562,0.58,0.92,0.37
smr100_cop28_p50,2041,2403531,1162524,2237919,0.48,0.93,0.48
smr100_cop28_p50,2044,2220825,844588,2201338,0.38,0.99,0.62
smr100_cop28_p50,2047,2130078,511902,2197704,0.24,1.03,0.77
smr100_cop28_p50,2050,2213017,142264,2212900,0.06,1.0,0.94
smr100_cop28_p95,2031,7483642,4762666,5657959,0.64,0.76,0.16
smr100_cop28_p95,2032,6633169,4511005,5524270,0.68,0.83,0.18
smr100_cop28_p95,2033,6581296,4303462,5441020,0.65,0.83,0.21
smr100_cop28_p95,2034,6173564,4088311,5356822,0.66,0.87,0.24
smr100_cop28_p95,2035,5911610,3889247,5295729,0.66,0.9,0.27
smr100_cop28_p95,2038,5526417,3281865,5148223,0.59,0.93,0.36
smr100_cop28_p95,2041,5408198,2654056,5058249,0.49,0.94,0.48
smr100_cop28_p95,2044,5073791,1945150,4978353,0.38,0.98,0.61
smr100_cop28_p95,2047,4998386,1187723,4956567,0.24,0.99,0.76
smr100_cop28_p95,2050,4947506,318052,4947245,0.06,1.0,0.94
smr100_eo_p05,2031,3050296,646964,736977,0.21,0.24,0.12
smr100_eo_p05,2032,1408116,475035,576909,0.34,0.41,0.18
smr100_eo_p05,2033,1292938,405118,519488,0.31,0.4,0.22
smr100_eo_p05,2034,899721,339255,466792,0.38,0.52,0.27
smr100_eo_p05,2035,652496,296496,437904,0.45,0.67,0.32
smr100_eo_p05,2038,334048,206947,394591,0.62,1.18,0.48
smr100_eo_p05,2041,226783,170452,412170,0.75,1.82,0.59
smr100_eo_p05,2044,337507,150754,455713,0.45,1.35,0.67
smr100_eo_p05,2047,418362,103992,482913,0.25,1.15,0.78
smr100_eo_p05,2050,497424,31977,497398,0.06,1.0,0.94
smr100_eo_p50,2031,3842643,2223672,2730017,0.58,0.71,0.19
smr100_eo_p50,2032,2811500,2082565,2655630,0.74,0.94,0.22
smr100_eo_p50,2033,2956251,2003735,2647097,0.68,0.9,0.24
smr100_eo_p50,2034,2733763,1910878,2628302,0.7,0.96,0.27
smr100_eo_p50,2035,2580087,1828114,2623569,0.71,1.02,0.3
smr100_eo_p50,2038,2467353,1585179,2640723,0.64,1.07,0.4
smr100_eo_p50,2041,2430575,1325216,2684940,0.55,1.1,0.51
smr100_eo_p50,2044,2582561,1029065,2744534,0.4,1.06,0.63
smr100_eo_p50,2047,2709066,650143,2781664,0.24,1.03,0.77
smr100_eo_p50,2050,2798129,179879,2797982,0.06,1.0,0.94
smr100_eo_p95,2031,7959706,4614447,5574592,0.58,0.7,0.17
smr100_eo_p95,2032,6020980,4322600,5409262,0.72,0.9,0.2
smr100_eo_p95,2033,6006114,4146424,5366384,0.69,0.89,0.23
smr100_eo_p95,2034,5708574,3961816,5322214,0.69,0.93,0.26
smr100_eo_p95,2035,5483230,3787467,5295830,0.69,0.97,0.28
smr100_eo_p95,2038,5264692,3254622,5256172,0.62,1.0,0.38
smr100_eo_p95,2041,5164268,2678274,5256619,0.52,1.02,0.49
smr100_eo_p95,2044,5203182,2025741,5278660,0.39,1.01,0.62
smr100_eo_p95,2047,5253988,1254251,5296098,0.24,1.01,0.76
smr100_eo_p95,2050,5305886,341090,5305607,0.06,1.0,0.94
large100_eia_p50,2038,4463028,2389210,3691833,0.54,0.83,0.35
large100_eia_p50,2041,3750332,1837931,3515935,0.49,0.94,0.48
large100_eia_p50,2044,3613509,1345909,3462929,0.37,0.96,0.61
large100_eia_p50,2047,3329378,799795,3430255,0.24,1.03,0.77
large100_eia_p50,2050,3453106,221984,3452924,0.06,1.0,0.94
large100_aj_p50,2031,5187052,3720211,4359808,0.72,0.84,0.15
large100_aj_p50,2032,4555458,3568238,4292114,0.78,0.94,0.17
large100_aj_p50,2033,5193299,3450901,4263572,0.66,0.82,0.19
large100_aj_p50,2034,5023128,3284074,4190298,0.65,0.83,0.22
large100_aj_p50,2035,4901782,3119834,4124624,0.64,0.84,0.24
large100_aj_p50,2038,4725720,2598399,3931724,0.55,0.83,0.34
large100_aj_p50,2041,4480138,2026294,3743848,0.45,0.84,0.46
large100_aj_p50,2044,3751666,1409825,3576744,0.38,0.95,0.61
large100_aj_p50,2047,3551388,844944,3537404,0.24,1.0,0.76
large100_aj_p50,2050,3534495,227216,3534309,0.06,1.0,0.94
large100_iaea_p50,2031,5677263,3326217,3872409,0.59,0.68,0.14
large100_iaea_p50,2032,5020844,3119930,3738093,0.62,0.74,0.17
large100_iaea_p50,2033,4964463,2947049,3641040,0.59,0.73,0.19
large100_iaea_p50,2034,4629914,2768723,3542604,0.6,0.77,0.22
large100_iaea_p50,2035,4471534,2603501,3461553,0.58,0.77,0.25
large100_iaea_p50,2038,3833233,2086726,3225335,0.54,0.84,0.35
large100_iaea_p50,2041,3321454,1619116,3085843,0.49,0.93,0.48
large100_iaea_p50,2044,3144115,1181896,3032363,0.38,0.96,0.61
large100_iaea_p50,2047,2961833,708557,3007817,0.24,1.02,0.76
large100_iaea_p50,2050,3018326,194034,3018167,0.06,1.0,0.94
large100_mck_p50,2031,5596240,3314130,3888649,0.59,0.69,0.15
large100_mck_p50,2032,4930218,3112684,3762906,0.63,0.76,0.17
large100_mck_p50,2033,4903348,2945553,3675535,0.6,0.75,0.2
large100_mck_p50,2034,4356576,2771286,3585302,0.64,0.82,0.23
large100_mck_p50,2035,4235700,2624714,3527267,0.62,0.83,0.26
large100_mck_p50,2038,3727851,2162067,3359728,0.58,0.9,0.36
large100_mck_p50,2041,3555348,1729810,3272605,0.49,0.92,0.47
large100_mck_p50,2044,3386239,1261239,3207676,0.37,0.95,0.61
large100_mck_p50,2047,3138173,749469,3167974,0.24,1.01,0.76
large100_mck_p50,2050,3174864,204097,3174697,0.06,1.0,0.94
large100_cop28_p50,2031,4235746,3050551,3774113,0.72,0.89,0.19
large100_cop28_p50,2032,3958545,2927127,3746032,0.74,0.95,0.22
large100_cop28_p50,2033,4063624,2815864,3735220,0.69,0.92,0.25
large100_cop28_p50,2034,3707546,2691522,3716713,0.73,1.0,0.28
large100_cop28_p50,2035,3679675,2584635,3721331,0.7,1.01,0.31
large100_cop28_p50,2038,3396916,2234335,3742696,0.66,1.1,0.4
large100_cop28_p50,2041,3465993,1885239,3828270,0.54,1.1,0.51
large100_cop28_p50,2044,3659890,1462162,3913549,0.4,1.07,0.63
large100_cop28_p50,2047,3853600,925818,3971738,0.24,1.03,0.77
large100_cop28_p50,2050,3998496,257044,3998285,0.06,1.0,0.94
large100_eo_p50,2031,4383160,3050051,3784762,0.7,0.86,0.19
large100_eo_p50,2032,3602664,2916616,3748139,0.81,1.04,0.22
large100_eo_p50,2033,3966477,2828894,3762416,0.71,0.95,0.25
large100_eo_p50,2034,3680328,2711830,3752817,0.74,1.02,0.28
large100_eo_p50,2035,3612463,2607874,3762085,0.72,1.04,0.31
large100_eo_p50,2038,3453792,2275916,3807517,0.66,1.1,0.4
large100_eo_p50,2041,3508826,1921682,3894651,0.55,1.11,0.51
large100_eo_p50,2044,3754438,1495605,3984763,0.4,1.06,0.62
large100_eo_p50,2047,3938016,944670,4037523,0.24,1.03,0.77
large100_eo_p50,2050,4060105,261005,4059891,0.06,1.0,0.94
smr100_eia_p50_eq,2038,3612125,1913493,2954817,0.53,0.82,0.35
smr100_eia_p50_eq,2041,2998894,1463894,2805300,0.49,0.94,0.48
smr100_eia_p50_eq,2044,2900141,1069476,2761835,0.37,0.95,0.61
smr100_eia_p50_eq,2047,2606917,629356,2732161,0.24,1.05,0.77
smr100_eia_p50_eq,2050,2760433,177455,2760287,0.06,1.0,0.94
large100_eia_p05,2038,2771056,1380207,2083889,0.5,0.75,0.34
large100_eia_p05,2041,2172107,1020421,1926886,0.47,0.89,0.47
large100_eia_p05,2044,2004936,727983,1871607,0.36,0.93,0.61
large100_eia_p05,2047,1742528,421790,1842776,0.24,1.06,0.77
large100_eia_p05,2050,1865383,119917,1865285,0.06,1.0,0.94
large100_eia_p95,2038,6192192,3511471,5563638,0.57,0.9,0.37
large100_eia_p95,2041,5519405,2779928,5423476,0.5,0.98,0.49
large100_eia_p95,2044,5446560,2068531,5403712,0.38,0.99,0.62
large100_eia_p95,2047,5202241,1252146,5396206,0.24,1.04,0.77
large100_eia_p95,2050,5440066,349716,5439779,0.06,1.0,0.94
large100_aj_p05,2031,2876453,2137861,2520836,0.74,0.88,0.15
large100_aj_p05,2032,2017986,2057596,2491035,1.02,1.23,0.17
large100_aj_p05,2033,3023714,2031174,2517781,0.67,0.83,0.19
large100_aj_p05,2034,2938821,1935217,2477842,0.66,0.84,0.22
large100_aj_p05,2035,2843882,1839869,2441513,0.65,0.86,0.25
large100_aj_p05,2038,2817029,1542403,2340765,0.55,0.83,0.34
large100_aj_p05,2041,2530874,1200262,2228692,0.47,0.88,0.46
large100_aj_p05,2044,2272014,861437,2158935,0.38,0.95,0.6
large100_aj_p05,2047,2206765,520640,2132819,0.24,0.97,0.76
large100_aj_p05,2050,2116369,136051,2116257,0.06,1.0,0.94
large100_aj_p95,2031,6028526,4858303,5894813,0.81,0.98,0.18
large100_aj_p95,2032,5635290,4710322,5883411,0.84,1.04,0.2
large100_aj_p95,2033,6168670,4581046,5898033,0.74,0.96,0.22
large100_aj_p95,2034,6026552,4408716,5877312,0.73,0.98,0.25
large100_aj_p95,2035,6001202,4236778,5865106,0.71,0.98,0.28
large100_aj_p95,2038,6045742,3669114,5829855,0.61,0.96,0.37
large100_aj_p95,2041,6069344,2995675,5779085,0.49,0.95,0.48
large100_aj_p95,2044,5798388,2203015,5714650,0.38,0.99,0.61
large100_aj_p95,2047,5562884,1334041,5697351,0.24,1.02,0.77
large100_aj_p95,2050,5727883,368219,5727581,0.06,1.0,0.94
large100_iaea_p05,2031,3326869,1871191,2188331,0.56,0.66,0.14
large100_iaea_p05,2032,2794606,1746129,2105058,0.62,0.75,0.17
large100_iaea_p05,2033,2920462,1650417,2053374,0.57,0.7,0.2
large100_iaea_p05,2034,2480245,1541051,1990396,0.62,0.8,0.23
large100_iaea_p05,2035,2416571,1455641,1953859,0.6,0.81,0.25
large100_iaea_p05,2038,2048621,1184600,1845720,0.58,0.9,0.36
large100_iaea_p05,2041,1917753,946453,1798091,0.49,0.94,0.47
large100_iaea_p05,2044,1853032,695976,1770429,0.38,0.96,0.61
large100_iaea_p05,2047,1749722,416906,1751945,0.24,1.0,0.76
large100_iaea_p05,2050,1752557,112664,1752464,0.06,1.0,0.94
large100_iaea_p95,2031,6214450,4697302,5664282,0.76,0.91,0.17
large100_iaea_p95,2032,5936222,4528102,5622499,0.76,0.95,0.19
large100_iaea_p95,2033,6152044,4368679,5597322,0.71,0.91,0.22
large100_iaea_p95,2034,6028311,4186095,5556177,0.69,0.92,0.25
large100_iaea_p95,2035,5761113,4002109,5521208,0.69,0.96,0.28
large100_iaea_p95,2038,5754222,3446108,5461906,0.6,0.95,0.37
large100_iaea_p95,2041,5442174,2797329,5394026,0.51,0.99,0.48
large100_iaea_p95,2044,5467490,2105431,5381503,0.39,0.98,0.61
large100_iaea_p95,2047,5442228,1290816,5361433,0.24,0.99,0.76
large100_iaea_p95,2050,5343654,343518,5343372,0.06,1.0,0.94
large100_mck_p05,2031,3410861,1894720,2188797,0.56,0.64,0.13
large100_mck_p05,2032,2851504,1765231,2098058,0.62,0.74,0.16
large100_mck_p05,2033,2946188,1666688,2040342,0.57,0.69,0.18
large100_mck_p05,2034,2675175,1556452,1973120,0.58,0.74,0.21
large100_mck_p05,2035,2572269,1458664,1920652,0.57,0.75,0.24
large100_mck_p05,2038,2123179,1154774,1767817,0.54,0.83,0.35
large100_mck_p05,2041,1964606,895595,1685301,0.46,0.86,0.47
large100_mck_p05,2044,1646669,626457,1622774,0.38,0.99,0.61
large100_mck_p05,2047,1585541,379820,1617773,0.24,1.02,0.77
large100_mck_p05,2050,1625108,104471,1625023,0.06,1.0,0.94
large100_mck_p95,2031,5941930,4653922,5678909,0.78,0.96,0.18
large100_mck_p95,2032,5670328,4500854,5660903,0.79,1.0,0.2
large100_mck_p95,2033,5918160,4357980,5660327,0.74,0.96,0.23
large100_mck_p95,2034,5795604,4190665,5642935,0.72,0.97,0.26
large100_mck_p95,2035,5837620,4022684,5632912,0.69,0.96,0.29
large100_mck_p95,2038,5586445,3453778,5590500,0.62,1.0,0.38
large100_mck_p95,2041,5609802,2842249,5594718,0.51,1.0,0.49
large100_mck_p95,2044,5417720,2122048,5594646,0.39,1.03,0.62
large100_mck_p95,2047,5510337,1320914,5635720,0.24,1.02,0.77
large100_mck_p95,2050,5664210,364125,5663912,0.06,1.0,0.94
large100_cop28_p05,2031,3177136,1684909,2024379,0.53,0.64,0.17
large100_cop28_p05,2032,2580120,1560007,1944209,0.6,0.75,0.2
large100_cop28_p05,2033,2542891,1468848,1900179,0.58,0.75,0.23
large100_cop28_p05,2034,2275171,1375326,1856310,0.6,0.82,0.26
large100_cop28_p05,2035,1990270,1294925,1828224,0.65,0.92,0.29
large100_cop28_p05,2038,1764887,1087984,1795655,0.62,1.02,0.39
large100_cop28_p05,2041,1757571,894255,1805858,0.51,1.03,0.5
large100_cop28_p05,2044,1683545,669252,1819358,0.4,1.08,0.63
large100_cop28_p05,2047,1740332,421968,1851009,0.24,1.06,0.77
large100_cop28_p05,2050,1875956,120596,1875857,0.06,1.0,0.94
large100_cop28_p95,2031,6316992,4666741,5631587,0.74,0.89,0.17
large100_cop28_p95,2032,5965732,4488958,5580940,0.75,0.94,0.2
large100_cop28_p95,2033,6274518,4325438,5551370,0.69,0.88,0.22
large100_cop28_p95,2034,5828650,4132243,5499302,0.71,0.94,0.25
large100_cop28_p95,2035,5755668,3958894,5474641,0.69,0.95,0.28
large100_cop28_p95,2038,5641572,3396734,5408083,0.6,0.96,0.37
large100_cop28_p95,2041,5395552,2763722,5354690,0.51,0.99,0.48
large100_cop28_p95,2044,5420258,2076117,5344960,0.38,0.99,0.61
large100_cop28_p95,2047,5313884,1266653,5328288,0.24,1.0,0.76
large100_cop28_p95,2050,5331862,342760,5331582,0.06,1.0,0.94
large100_eo_p05,2031,3612048,1681945,2028844,0.47,0.56,0.17
large100_eo_p05,2032,2510761,1527427,1920038,0.61,0.76,0.2
large100_eo_p05,2033,2439040,1439220,1879990,0.59,0.77,0.23
large100_eo_p05,2034,2181969,1351145,1842655,0.62,0.84,0.27
large100_eo_p05,2035,1994875,1275761,1820731,0.64,0.91,0.3
large100_eo_p05,2038,1661996,1064584,1787742,0.64,1.08,0.4
large100_eo_p05,2041,1595400,888935,1820488,0.56,1.14,0.51
large100_eo_p05,2044,1745996,697779,1873054,0.4,1.07,0.63
large100_eo_p05,2047,1837071,441949,1902264,0.24,1.04,0.77
large100_eo_p05,2050,1917011,123236,1916910,0.06,1.0,0.94
large100_eo_p95,2031,6298518,4639633,5681946,0.74,0.9,0.18
large100_eo_p95,2032,6010858,4461648,5641305,0.74,0.94,0.21
large100_eo_p95,2033,6048728,4293609,5617970,0.71,0.93,0.24
large100_eo_p95,2034,5696884,4114001,5590819,0.72,0.98,0.26
large100_eo_p95,2035,5597230,3948598,5586044,0.71,1.0,0.29
large100_eo_p95,2038,5364400,3418642,5591482,0.64,1.04,0.39
large100_eo_p95,2041,5384739,2848735,5647730,0.53,1.05,0.5
large100_eo_p95,2044,5555848,2177858,5709155,0.39,1.03,0.62
large100_eo_p95,2047,5676328,1356589,5744329,0.24,1.01,0.76
large100_eo_p95,2050,5759954,370280,5759651,0.06,1.0,0.94
