Scenario,Dollar.Year
battery_ATB_2023_advanced,2021
battery_ATB_2023_conservative,2021
battery_ATB_2023_moderate,2021
battery_ATB_2024_advanced,2022
battery_ATB_2024_conservative,2022
battery_ATB_2024_moderate,2022
beccs_BVRE_2021_high,2019
beccs_BVRE_2021_low,2019
beccs_BVRE_2021_mid,2019
beccs_lowcost,2010
beccs_reference,2010
biopower_ATB_2024_moderate,2022
ccsflex_ATB_2020,2019
coal_ATB_2024_moderate,2022
coal-ccs_ATB_2024_advanced,2022
coal-ccs_ATB_2024_conservative,2022
coal-ccs_ATB_2024_moderate,2022
csp_ATB_2023_advanced,2021
csp_ATB_2023_conservative,2021
csp_ATB_2023_moderate,2021
csp_ATB_2024_advanced,2022
csp_ATB_2024_conservative,2022
csp_ATB_2024_moderate,2022
csp_SunShot2030,2017
evmc_shape_Baseline,2020
evmc_storage_Baseline,2020
fuelcell_ATB_2024_advanced,2022
fuelcell_ATB_2024_moderate,2022
gas_ATB_2024_moderate,2022
gas-ccs_ATB_2024_advanced,2022
gas-ccs_ATB_2024_conservative,2022
gas-ccs_ATB_2024_moderate,2022
geo_ATB_2023_advanced,2020
geo_ATB_2023_conservative,2020
geo_ATB_2023_moderate,2020
geo_ATB_2024_advanced,2021
geo_ATB_2024_conservative,2021
geo_ATB_2024_moderate,2021
h2-combustion_ATB_2023,2021
h2-combustion_ATB_2024,2022
nuclear_ATB_2024_advanced,2022
nuclear_ATB_2024_conservative,2022
nuclear_ATB_2024_moderate,2022
nuclear-smr_ATB_2024_advanced,2022
nuclear-smr_ATB_2024_conservative,2022
nuclear-smr_ATB_2024_moderate,2022
ofs-wind_ATB_2023_advanced,2021
ofs-wind_ATB_2023_conservative,2021
ofs-wind_ATB_2023_moderate_noFloating,2021
ofs-wind_ATB_2023_moderate,2021
ofs-wind_ATB_2024_advanced,2022
ofs-wind_ATB_2024_conservative,2022
ofs-wind_ATB_2024_moderate_noFloating,2022
ofs-wind_ATB_2024_moderate,2022
ons-wind_ATB_2023_advanced,2021
ons-wind_ATB_2023_conservative,2021
ons-wind_ATB_2023_moderate,2021
ons-wind_ATB_2024_advanced,2022
ons-wind_ATB_2024_conservative,2022
ons-wind_ATB_2024_moderate,2022
other_plantchar,2022
upv_ATB_2023_advanced,2021
upv_ATB_2023_conservative,2021
upv_ATB_2023_moderate,2021
upv_ATB_2024_advanced,2022
upv_ATB_2024_conservative,2022
upv_ATB_2024_moderate,2022
nuclear_mc_eia_p05,2022
nuclear-smr_mc_eia_p05,2022
nuclear_mc_eia_p50,2022
nuclear-smr_mc_eia_p50,2022
nuclear_mc_eia_p95,2022
nuclear-smr_mc_eia_p95,2022
nuclear_mc_aj_p05,2022
nuclear-smr_mc_aj_p05,2022
nuclear_mc_aj_p50,2022
nuclear-smr_mc_aj_p50,2022
nuclear_mc_aj_p95,2022
nuclear-smr_mc_aj_p95,2022
nuclear_mc_iaea_p05,2022
nuclear-smr_mc_iaea_p05,2022
nuclear_mc_iaea_p50,2022
nuclear-smr_mc_iaea_p50,2022
nuclear_mc_iaea_p95,2022
nuclear-smr_mc_iaea_p95,2022
nuclear_mc_mck_p05,2022
nuclear-smr_mc_mck_p05,2022
nuclear_mc_mck_p50,2022
nuclear-smr_mc_mck_p50,2022
nuclear_mc_mck_p95,2022
nuclear-smr_mc_mck_p95,2022
nuclear_mc_cop28_p05,2022
nuclear-smr_mc_cop28_p05,2022
nuclear_mc_cop28_p50,2022
nuclear-smr_mc_cop28_p50,2022
nuclear_mc_cop28_p95,2022
nuclear-smr_mc_cop28_p95,2022
nuclear_mc_eo_p05,2022
nuclear-smr_mc_eo_p05,2022
nuclear_mc_eo_p50,2022
nuclear-smr_mc_eo_p50,2022
nuclear_mc_eo_p95,2022
nuclear-smr_mc_eo_p95,2022
nuclear_mc_smr100_eia_p05,2022
nuclear-smr_mc_smr100_eia_p05,2022
nuclear_mc_smr100_eia_p50,2022
nuclear-smr_mc_smr100_eia_p50,2022
nuclear_mc_smr100_eia_p95,2022
nuclear-smr_mc_smr100_eia_p95,2022
nuclear_mc_smr100_aj_p05,2022
nuclear-smr_mc_smr100_aj_p05,2022
nuclear_mc_smr100_aj_p50,2022
nuclear-smr_mc_smr100_aj_p50,2022
nuclear_mc_smr100_aj_p95,2022
nuclear-smr_mc_smr100_aj_p95,2022
nuclear_mc_smr100_iaea_p05,2022
nuclear-smr_mc_smr100_iaea_p05,2022
nuclear_mc_smr100_iaea_p50,2022
nuclear-smr_mc_smr100_iaea_p50,2022
nuclear_mc_smr100_iaea_p95,2022
nuclear-smr_mc_smr100_iaea_p95,2022
nuclear_mc_smr100_mck_p05,2022
nuclear-smr_mc_smr100_mck_p05,2022
nuclear_mc_smr100_mck_p50,2022
nuclear-smr_mc_smr100_mck_p50,2022
nuclear_mc_smr100_mck_p95,2022
nuclear-smr_mc_smr100_mck_p95,2022
nuclear_mc_smr100_cop28_p05,2022
nuclear-smr_mc_smr100_cop28_p05,2022
nuclear_mc_smr100_cop28_p50,2022
nuclear-smr_mc_smr100_cop28_p50,2022
nuclear_mc_smr100_cop28_p95,2022
nuclear-smr_mc_smr100_cop28_p95,2022
nuclear_mc_smr100_eo_p05,2022
nuclear-smr_mc_smr100_eo_p05,2022
nuclear_mc_smr100_eo_p50,2022
nuclear-smr_mc_smr100_eo_p50,2022
nuclear_mc_smr100_eo_p95,2022
nuclear-smr_mc_smr100_eo_p95,2022
nuclear_mc_smr100_eo_blo,2022
nuclear-smr_mc_smr100_eo_blo,2022
nuclear_mc_smr100_eo_bhi,2022
nuclear-smr_mc_smr100_eo_bhi,2022
nuclear_mc_large100_eia_p50,2022
nuclear-smr_mc_large100_eia_p50,2022
nuclear_mc_large100_aj_p50,2022
nuclear-smr_mc_large100_aj_p50,2022
nuclear_mc_large100_iaea_p50,2022
nuclear-smr_mc_large100_iaea_p50,2022
nuclear_mc_large100_mck_p50,2022
nuclear-smr_mc_large100_mck_p50,2022
nuclear_mc_large100_cop28_p50,2022
nuclear-smr_mc_large100_cop28_p50,2022
nuclear_mc_large100_eo_p50,2022
nuclear-smr_mc_large100_eo_p50,2022
nuclear_mc_large100_eia_p05,2022
nuclear-smr_mc_large100_eia_p05,2022
nuclear_mc_large100_eia_p95,2022
nuclear-smr_mc_large100_eia_p95,2022
nuclear_mc_large100_aj_p05,2022
nuclear-smr_mc_large100_aj_p05,2022
nuclear_mc_large100_aj_p95,2022
nuclear-smr_mc_large100_aj_p95,2022
nuclear_mc_large100_iaea_p05,2022
nuclear-smr_mc_large100_iaea_p05,2022
nuclear_mc_large100_iaea_p95,2022
nuclear-smr_mc_large100_iaea_p95,2022
nuclear_mc_large100_mck_p05,2022
nuclear-smr_mc_large100_mck_p05,2022
nuclear_mc_large100_mck_p95,2022
nuclear-smr_mc_large100_mck_p95,2022
nuclear_mc_large100_cop28_p05,2022
nuclear-smr_mc_large100_cop28_p05,2022
nuclear_mc_large100_cop28_p95,2022
nuclear-smr_mc_large100_cop28_p95,2022
nuclear_mc_large100_eo_p05,2022
nuclear-smr_mc_large100_eo_p05,2022
nuclear_mc_large100_eo_p95,2022
nuclear-smr_mc_large100_eo_p95,2022
nuclear_mc_rd_aj_d608,2022
nuclear-smr_mc_rd_aj_d608,2022
nuclear_mc_rd_aj_d2695,2022
nuclear-smr_mc_rd_aj_d2695,2022
nuclear_mc_rd_aj_d8867,2022
nuclear-smr_mc_rd_aj_d8867,2022
nuclear_mc_rd_aj_d348,2022
nuclear-smr_mc_rd_aj_d348,2022
nuclear_mc_rd_aj_d8857,2022
nuclear-smr_mc_rd_aj_d8857,2022
nuclear_mc_rd_aj_d2068,2022
nuclear-smr_mc_rd_aj_d2068,2022
nuclear_mc_rd_mck_d1874,2022
nuclear-smr_mc_rd_mck_d1874,2022
nuclear_mc_rd_mck_d1260,2022
nuclear-smr_mc_rd_mck_d1260,2022
nuclear_mc_rd_mck_d9097,2022
nuclear-smr_mc_rd_mck_d9097,2022
nuclear_mc_rd_mck_d4610,2022
nuclear-smr_mc_rd_mck_d4610,2022
nuclear_mc_rd_mck_d855,2022
nuclear-smr_mc_rd_mck_d855,2022
nuclear_mc_rd_mck_d6631,2022
nuclear-smr_mc_rd_mck_d6631,2022
nuclear_mc_rd_eo_d1249,2022
nuclear-smr_mc_rd_eo_d1249,2022
nuclear_mc_rd_eo_d5877,2022
nuclear-smr_mc_rd_eo_d5877,2022
nuclear_mc_rd_eo_d308,2022
nuclear-smr_mc_rd_eo_d308,2022
nuclear_mc_rd_eo_d1493,2022
nuclear-smr_mc_rd_eo_d1493,2022
nuclear_mc_rd_eo_d4509,2022
nuclear-smr_mc_rd_eo_d4509,2022
nuclear_mc_rd_eo_d7157,2022
nuclear-smr_mc_rd_eo_d7157,2022
nuclear_mc_rd_eia_d2256,2022
nuclear-smr_mc_rd_eia_d2256,2022
nuclear_mc_rd_eia_d5756,2022
nuclear-smr_mc_rd_eia_d5756,2022
nuclear_mc_rd_iaea_d5271,2022
nuclear-smr_mc_rd_iaea_d5271,2022
nuclear_mc_rd_iaea_d7007,2022
nuclear-smr_mc_rd_iaea_d7007,2022
nuclear_mc_rd_cop28_d8117,2022
nuclear-smr_mc_rd_cop28_d8117,2022
nuclear_mc_rd_cop28_d3259,2022
nuclear-smr_mc_rd_cop28_d3259,2022
nuclear_mc_rd_aj_d8691,2022
nuclear-smr_mc_rd_aj_d8691,2022
nuclear_mc_rd_mck_d8,2022
nuclear-smr_mc_rd_mck_d8,2022
nuclear_mc_rd_eo_d3032,2022
nuclear-smr_mc_rd_eo_d3032,2022
nuclear_mc_rd_eo_d3416,2022
nuclear-smr_mc_rd_eo_d3416,2022
nuclear_mc_rd_aj_d456,2022
nuclear-smr_mc_rd_aj_d456,2022
nuclear_mc_rd_mck_d2965,2022
nuclear-smr_mc_rd_mck_d2965,2022
nuclear_mc_rd_eo_d3433,2022
nuclear-smr_mc_rd_eo_d3433,2022
nuclear_mc_rd_eo_d711,2022
nuclear-smr_mc_rd_eo_d711,2022
nuclear_mc_rd_eo_d451,2022
nuclear-smr_mc_rd_eo_d451,2022
nuclear_mc_rd_eia_d3688,2022
nuclear-smr_mc_rd_eia_d3688,2022
nuclear_mc_rd_iaea_d3200,2022
nuclear-smr_mc_rd_iaea_d3200,2022
nuclear_mc_rd_cop28_d8401,2022
nuclear-smr_mc_rd_cop28_d8401,2022
nuclear_mc_rd_eia_d1096,2022
nuclear-smr_mc_rd_eia_d1096,2022
nuclear_mc_rd_iaea_d1139,2022
nuclear-smr_mc_rd_iaea_d1139,2022
nuclear_mc_rd_cop28_d868,2022
nuclear-smr_mc_rd_cop28_d868,2022
nuclear_mc_rd_eia_d5489,2022
nuclear-smr_mc_rd_eia_d5489,2022
nuclear_mc_rd_eia_d5843,2022
nuclear-smr_mc_rd_eia_d5843,2022
nuclear_mc_rd_aj_d8436,2022
nuclear-smr_mc_rd_aj_d8436,2022
nuclear_mc_rd_iaea_d551,2022
nuclear-smr_mc_rd_iaea_d551,2022
nuclear_mc_rd_iaea_d1004,2022
nuclear-smr_mc_rd_iaea_d1004,2022
nuclear_mc_rd_mck_d1033,2022
nuclear-smr_mc_rd_mck_d1033,2022
nuclear_mc_rd_cop28_d7137,2022
nuclear-smr_mc_rd_cop28_d7137,2022
nuclear_mc_rd_cop28_d3725,2022
nuclear-smr_mc_rd_cop28_d3725,2022
nuclear_mc_rd_eo_d5602,2022
nuclear-smr_mc_rd_eo_d5602,2022
nuclear_mc_smr100_eia_p25,2022
nuclear-smr_mc_smr100_eia_p25,2022
nuclear_mc_smr100_eia_p75,2022
nuclear-smr_mc_smr100_eia_p75,2022
nuclear_mc_smr100_aj_p25,2022
nuclear-smr_mc_smr100_aj_p25,2022
nuclear_mc_smr100_aj_p75,2022
nuclear-smr_mc_smr100_aj_p75,2022
nuclear_mc_smr100_iaea_p25,2022
nuclear-smr_mc_smr100_iaea_p25,2022
nuclear_mc_smr100_iaea_p75,2022
nuclear-smr_mc_smr100_iaea_p75,2022
nuclear_mc_smr100_mck_p25,2022
nuclear-smr_mc_smr100_mck_p25,2022
nuclear_mc_smr100_mck_p75,2022
nuclear-smr_mc_smr100_mck_p75,2022
nuclear_mc_smr100_cop28_p25,2022
nuclear-smr_mc_smr100_cop28_p25,2022
nuclear_mc_smr100_cop28_p75,2022
nuclear-smr_mc_smr100_cop28_p75,2022
nuclear_mc_smr100_eo_p25,2022
nuclear-smr_mc_smr100_eo_p25,2022
nuclear_mc_smr100_eo_p75,2022
nuclear-smr_mc_smr100_eo_p75,2022
nuclear_mc_rd_eia_d9024,2022
nuclear-smr_mc_rd_eia_d9024,2022
nuclear_mc_rd_aj_d7086,2022
nuclear-smr_mc_rd_aj_d7086,2022
nuclear_mc_rd_iaea_d143,2022
nuclear-smr_mc_rd_iaea_d143,2022
nuclear_mc_rd_eo_d6903,2022
nuclear-smr_mc_rd_eo_d6903,2022
nuclear_mc_rd_eo_d3821,2022
nuclear-smr_mc_rd_eo_d3821,2022
