case,schedule,scen_token,case_type,winner,lr_large,lr_smr,boak_large,boak_smr,u,s_spill,x_ls,x_sl,n_vendors,convention,ces_rho,dur_lambda,dur_z,score,pctile_in_MC,draw_index,fom_large,vom_large,fom_smr,vom_smr,occ_large_2030,dur_large_2030,occ_large_2040,dur_large_2040,occ_large_2050,dur_large_2050,occ_smr_2030,dur_smr_2030,occ_smr_2040,dur_smr_2040,occ_smr_2050,dur_smr_2050
large100_eia_p05,EIA 2026 AEO high,eia_aeo_high,p05,large,0.07648314548966204,0.09714232126284515,5471.903108180994,5899.42559472579,0.6253964974993801,0.19369676638109323,0.2973864409383423,0.07729862935071337,5,tiny-base,-1.0,0.8271179601090656,-2.0639835286311823,128601.84137611168,5.0,4046,132.92337697524704,2.0331418649085964,126.69860184069498,2.253256745963439,5472.0,67.0,4803.0,56.0,4650.0,56.0,5899.0,45.0,5854.0,45.0,5839.0,45.0
large100_eia_p50,EIA 2026 AEO high,eia_aeo_high,p50,large,0.033770944950356444,0.035446920483848204,6721.395635103459,8148.512143186227,0.5803551102145438,0.43731403891200027,0.28353143035197315,0.2397538779296519,4,tiny-base,1.0,0.24021323663085037,-0.09933351802622094,159140.21813474427,50.0,4588,171.90754381522794,2.7828373810620755,175.6787088960556,2.55313495242483,6721.0,73.0,6187.0,60.0,6007.0,53.0,8149.0,49.0,7721.0,49.0,7452.0,49.0
large100_eia_p95,EIA 2026 AEO high,eia_aeo_high,p95,large,0.06044817433421171,0.07398069626052803,7531.883123718281,9607.389622692906,0.1977483792886104,0.7676505588739374,0.28360025983561093,0.04443234781594319,6,full-stock,0.0,0.2788685190984247,0.3559533329108198,191748.06525867363,95.0,740,197.19475346001036,3.269129874230969,207.4498184497566,2.7476519496923872,7532.0,78.0,7447.0,64.0,7401.0,64.0,9607.0,52.0,9537.0,52.0,9461.0,52.0
large100_aj_p05,Abou-Jaoude mod,abou_jaoude,p05,large,0.07835873981758307,0.0998515130698422,5492.550934194999,5936.591681550999,0.7088862926911085,0.24459314213681727,0.25145684369181337,0.18120259246191103,5,tiny-base,-1.0,0.11151233183371123,-0.7025834444340875,172826.7673490406,5.0,1381,133.56758914688396,2.0455305605169993,127.50799662044396,2.2582122242068,5493.0,66.0,5065.0,66.0,4395.0,43.0,5937.0,45.0,5892.0,45.0,5869.0,45.0
large100_aj_p50,Abou-Jaoude mod,abou_jaoude,p50,large,0.10468152329575504,0.13787331142720174,6925.516465603489,8515.929638086282,0.602911116448365,0.37488530533336495,0.03396992671944463,0.2690574763782673,6,tiny-base,0.0,0.7840978202915398,-0.5857720320257079,217266.54232553378,50.0,6297,178.27611372682887,2.9053098793620933,183.6802454516568,2.6021239517448373,6926.0,79.0,6181.0,79.0,5165.0,59.0,8516.0,53.0,8147.0,53.0,7839.0,53.0
large100_aj_p95,Abou-Jaoude mod,abou_jaoude,p95,large,0.08033846884190583,0.10271112166053066,7533.474353026491,9610.253835447686,0.7223842818245325,0.45753421131797667,0.22894480448108095,0.09882180872657852,4,full-stock,0.0,0.49224798625233024,1.0832369274343268,263373.0413625533,95.0,9667,197.24439981442652,3.2700846118158946,207.51219463863845,2.7480338447263577,7533.0,89.0,7462.0,89.0,7269.0,61.0,9610.0,60.0,9484.0,60.0,9320.0,60.0
large100_iaea_p05,IAEA high,iaea_high,p05,large,0.0743509595412666,0.09406249711516287,5498.632642695844,5947.53875685252,0.8609677501123656,0.5041940717008306,0.12940303424599034,0.1368835672510438,5,tiny-base,-1.0,0.5840926009108742,-1.1736300489783273,413829.29552082834,5.0,2965,133.75733845211033,2.049179585617506,127.74639959367708,2.2596718342470026,5499.0,70.0,4456.0,48.0,4031.0,41.0,5948.0,47.0,5888.0,47.0,5875.0,47.0
large100_iaea_p50,IAEA high,iaea_high,p50,large,0.11969844189104448,0.15956441606484204,7044.9081188675045,8730.83461396151,0.3733749972300743,0.377373021906101,0.1889194737096011,0.014352790552722448,7,tiny-base,0.0,0.3830189829117776,1.0731835262617273,529152.8414055032,50.0,5712,182.00113330866614,2.9769448713205025,188.36039825960617,2.630777948528201,7045.0,87.0,5263.0,63.0,4501.0,55.0,8731.0,58.0,8235.0,58.0,7871.0,58.0
large100_iaea_p95,IAEA high,iaea_high,p95,large,0.06211733053276576,0.07639169965843944,7434.051398082011,9431.292516547619,0.722662393073918,0.32062525713445167,0.004020278329556559,0.09969529783711607,6,full-stock,0.0,0.730484056706659,0.06316833917386071,648638.2301509047,95.0,3422,194.14240362015875,3.210430838849206,203.6148148048148,2.7241723355396825,7434.0,84.0,7260.0,63.0,7081.0,52.0,9431.0,56.0,9359.0,56.0,9272.0,56.0
large100_mck_p05,McKinsey GEP 2025,mckinsey,p05,large,0.11011821091773681,0.1457263046589532,5558.247699138692,6054.845858449646,0.2729018978303747,0.9200185185946257,0.01851596742197642,0.007793498775262353,8,tiny-base,0.0,0.7182862164787478,-0.7033259136352856,516779.3457998696,5.0,382,135.6173282131272,2.084948619483215,130.08330980623674,2.273979447793286,5558.0,76.0,4286.0,64.0,3545.0,47.0,6055.0,51.0,5719.0,51.0,5461.0,51.0
large100_mck_p50,McKinsey GEP 2025,mckinsey,p50,large,0.07681585331077335,0.09762289922667264,7203.418949331892,9016.154108797406,0.30696552879340405,0.1954530959003279,0.16480301781243076,0.10009747161163982,4,tiny-base,1.0,0.9023021263359234,-1.5691233447007846,667639.5962885007,50.0,7176,186.946671219155,3.072051369599135,194.57402281381016,2.668820547839654,7203.0,72.0,5594.0,50.0,4834.0,41.0,9016.0,48.0,8102.0,48.0,7239.0,48.0
large100_mck_p95,McKinsey GEP 2025,mckinsey,p95,large,0.03005487058699152,0.030079257514543305,7687.030426047627,9886.654766885727,0.9242201468241701,0.05726623486137128,0.016735513298045058,0.22565189870718327,8,full-stock,0.0,0.018584426615486427,-0.8284215182829656,824923.8614901158,95.0,9180,202.03534929268596,3.362218255628576,213.53159270106698,2.7848873022514304,7687.0,64.0,7602.0,52.0,7470.0,37.0,9887.0,43.0,9871.0,43.0,9848.0,43.0
large100_cop28_p05,COP28 tripling pledge,cop28,p05,large,0.06820770941874178,0.08518891360484925,5310.930199367103,5609.674358860787,0.3059527769268491,0.69561344968951,0.11559194290473938,0.04007279856217055,6,tiny-base,1.0,0.7587973210252622,-1.5849220197875225,918889.7265873357,5.0,1525,127.90102222025362,1.936558119620262,120.38846381519045,2.214623247848105,5311.0,70.0,4196.0,48.0,3577.0,39.0,5610.0,47.0,4928.0,47.0,4352.0,47.0
large100_cop28_p50,COP28 tripling pledge,cop28,p50,large,0.04488994822541378,0.05150770299226434,6107.748609582814,7043.947497249066,0.9275991707721851,0.30533867316105157,0.1338656307805434,0.04410126599519335,4,full-stock,-1.0,0.27413832235769175,-0.9656826644258412,1215550.7496434709,50.0,8155,152.7617566189838,2.4146491657496885,151.62374549564632,2.4058596662998757,6108.0,67.0,5957.0,40.0,5677.0,36.0,7044.0,45.0,7039.0,45.0,7035.0,45.0
large100_cop28_p95,COP28 tripling pledge,cop28,p95,large,0.09382329768509133,0.12218920776735416,7653.201478220733,9825.762660797318,0.28853133862993763,0.17623248736098462,0.007751347383261975,0.10866108997308238,8,full-stock,0.0,0.7525705292668893,-1.1149302091928615,1522289.8779307846,95.0,1220,200.97988612048687,3.34192088693244,212.20549794625276,2.776768354772976,7653.0,73.0,7275.0,55.0,6589.0,41.0,9826.0,49.0,9755.0,49.0,9649.0,49.0
large100_eo_p05,2025 EO,eo2025,p05,large,0.07708139192320676,0.09800645500018756,5583.893548115539,6101.00838660797,0.7513129596351907,0.35851698180235025,0.1900536064406065,0.03131992799980797,4,tiny-base,-1.0,0.10884593785085694,0.3657977177037988,1361504.1835835834,5.0,1222,136.4174787012048,2.100336128869323,131.08862708612912,2.2801344515477293,5584.0,75.0,3797.0,39.0,3217.0,39.0,6101.0,50.0,6003.0,50.0,5989.0,50.0
large100_eo_p50,2025 EO,eo2025,p50,large,0.039192438339550675,0.04327796649046208,5792.054649672449,6475.698369410407,0.7187232433041716,0.7548942642858271,0.24357915351740023,0.09913803841279147,5,full-stock,0.0,0.49821113545641227,1.2357114189479446,1818748.550258501,50.0,9427,142.9121050697804,2.2252327898034694,139.24854226716002,2.330093115921388,5792.0,91.0,5589.0,50.0,5348.0,50.0,6476.0,61.0,6414.0,61.0,6344.0,61.0
large100_eo_p95,2025 EO,eo2025,p95,large,0.058292276688772376,0.07086662188378232,7394.387213062693,9359.896983512846,0.9812724010965317,0.8990281846845369,0.142525056053761,0.11635213346764439,6,full-stock,1.0,0.4459573343692401,0.6034497759614748,2300333.1139906533,95.0,3136,192.90488104755605,3.186632327837616,202.0599787520576,2.7146529311350465,7394.0,84.0,7033.0,47.0,6614.0,45.0,9360.0,56.0,8886.0,56.0,8383.0,56.0
