country,code,reactor_name,reactor_type,model,capacity_net_mw,construction_start,first_criticality,grid_connection,commercial_operation,suspended_date,permanent_shutdown,status
ARGENTINA,AR -1,ATUCHA-1,PHWR,PHWR KWU,340,1968-5,,1974-3,1974-6,,,operational
ARGENTINA,AR -2,EMBALSE,PHWR,CANDU 6,608,1974-3,,1983-4,1984-1,,,operational
ARGENTINA,AR -3,ATUCHA-2,PHWR,PHWR KWU,693,1981-7,,2014-6,2016-5,,,operational
ARMENIA,AM -19,ARMENIAN-2,PWR,VVER V-270,416,1975-7,,1980-1,1980-5,,,operational
BELARUS,BY -1,BELARUSIAN-1,PWR,VVER V-491,1110,2013-11,,2020-11,2021-6,,,operational
BELARUS,BY -2,BELARUSIAN-2,PWR,VVER V-491,1110,2014-4,,2023-5,2023-11,,,operational
BELGIUM,BE -2,DOEL-1,PWR,WH 2LP,445,1969-7,,1974-8,1975-2,,,operational
BELGIUM,BE -3,TIHANGE-1,PWR,Framatome 3,962,1970-6,,1975-3,1975-10,,,operational
BELGIUM,BE -4,DOEL-2,PWR,WH 2LP,445,1971-9,,1975-8,1975-12,,,operational
BELGIUM,BE -7,DOEL-4,PWR,WH 3LP,1026,1978-12,,1985-4,1985-7,,,operational
BELGIUM,BE -8,TIHANGE-3,PWR,WH 3LP,1030,1978-11,,1985-6,1985-9,,,operational
BRAZIL,BR -1,ANGRA-1,PWR,WH 2LP,609,1971-5,,1982-4,1985-1,,,operational
BRAZIL,BR -2,ANGRA-2,PWR,PRE KONVOI,1275,1976-1,,2000-7,2001-2,,,operational
BULGARIA,BG -5,KOZLODUY-5,PWR,VVER V-320,1003,1980-7,,1987-11,1988-12,,,operational
BULGARIA,BG -6,KOZLODUY-6,PWR,VVER V-320,1003,1982-4,,1991-8,1993-12,,,operational
CANADA,CA -10,BRUCE-3,PHWR,CANDU 750A,770,1972-7,,1977-12,1978-2,,,operational
CANADA,CA -11,BRUCE-4,PHWR,CANDU 750A,807,1972-9,,1978-12,1979-1,,,operational
CANADA,CA -13,PICKERING-5,PHWR,CANDU 500B,516,1974-11,,1982-12,1983-5,,,operational
CANADA,CA -14,PICKERING-6,PHWR,CANDU 500B,516,1975-10,,1983-11,1984-2,,,operational
CANADA,CA -15,PICKERING-7,PHWR,CANDU 500B,516,1976-3,,1984-11,1985-1,,,operational
CANADA,CA -16,PICKERING-8,PHWR,CANDU 500B,516,1976-9,,1986-1,1986-2,,,operational
CANADA,CA -17,POINT LEPREAU,PHWR,CANDU 6,660,1975-5,,1982-9,1983-2,,,operational
CANADA,CA -18,BRUCE-5,PHWR,CANDU 750B,817,1978-5,,1984-12,1985-2,,,operational
CANADA,CA -19,BRUCE-6,PHWR,CANDU 750B,817,1978-1,,1984-6,1984-9,,,operational
CANADA,CA -20,BRUCE-7,PHWR,CANDU 750B,817,1979-5,,1986-2,1986-4,,,operational
CANADA,CA -21,BRUCE-8,PHWR,CANDU 750B,817,1979-7,,1987-3,1987-5,,,operational
CANADA,CA -22,DARLINGTON-1,PHWR,CANDU 850,878,1982-4,,1990-12,1992-11,,,operational
CANADA,CA -23,DARLINGTON-2,PHWR,CANDU 850,878,1981-9,,1990-1,1990-10,,,operational
CANADA,CA -24,DARLINGTON-3,PHWR,CANDU 850,878,1984-9,,1992-12,1993-2,,,operational
CANADA,CA -25,DARLINGTON-4,PHWR,CANDU 850,878,1985-7,,1993-4,1993-6,,,operational
CANADA,CA -8,BRUCE-1,PHWR,CANDU 791,816,1971-6,,1977-1,1977-9,,,operational
CANADA,CA -9,BRUCE-2,PHWR,CANDU 791,817,1970-12,,1976-9,1977-9,,,operational
CHINA,CN -1,QINSHAN-1,PWR,CNP-300,326,1985-3,,1991-12,1994-4,,,operational
CHINA,CN -10,TIANWAN-1,PWR,VVER V-428,1000,1999-10,,2006-5,2007-5,,,operational
CHINA,CN -11,TIANWAN-2,PWR,VVER V-428,1000,2000-9,,2007-5,2007-8,,,operational
CHINA,CN -12,LING AO-3,PWR,CPR-1000,1007,2005-12,,2010-7,2010-9,,,operational
CHINA,CN -13,LING AO-4,PWR,CPR-1000,1007,2006-6,,2011-5,2011-8,,,operational
CHINA,CN -14,QINSHAN 2-3,PWR,CNP-600,623,2006-4,,2010-8,2010-10,,,operational
CHINA,CN -15,QINSHAN 2-4,PWR,CNP-600,623,2007-1,,2011-11,2011-12,,,operational
CHINA,CN -16,HONGYANHE-1,PWR,CPR-1000,1061,2007-8,,2013-2,2013-6,,,operational
CHINA,CN -17,HONGYANHE-2,PWR,CPR-1000,1061,2008-3,,2013-11,2014-5,,,operational
CHINA,CN -18,NINGDE-1,PWR,CPR-1000,1018,2008-2,,2012-12,2013-4,,,operational
CHINA,CN -19,NINGDE-2,PWR,CPR-1000,1018,2008-11,,2014-1,2014-5,,,operational
CHINA,CN -2,DAYA BAY-1,PWR,M310,944,1987-8,,1993-8,1994-2,,,operational
CHINA,CN -20,FUQING-1,PWR,CNP-1000,1000,2008-11,,2014-8,2014-11,,,operational
CHINA,CN -21,FUQING-2,PWR,CNP-1000,1000,2009-6,,2015-8,2015-10,,,operational
CHINA,CN -22,YANGJIANG-1,PWR,CPR-1000,1000,2008-12,,2013-12,2014-3,,,operational
CHINA,CN -23,YANGJIANG-2,PWR,CPR-1000,1000,2009-6,,2015-3,2015-6,,,operational
CHINA,CN -24,FANGJIASHAN-1,PWR,CPR-1000,1012,2008-12,,2014-11,2014-12,,,operational
CHINA,CN -25,FANGJIASHAN-2,PWR,CPR-1000,1012,2009-7,,2015-1,2015-2,,,operational
CHINA,CN -26,HONGYANHE-3,PWR,CPR-1000,1061,2009-3,,2015-3,2015-8,,,operational
CHINA,CN -27,HONGYANHE-4,PWR,CPR-1000,1061,2009-8,,2016-4,2016-6,,,operational
CHINA,CN -28,SANMEN-1,PWR,AP-1000,1157,2009-4,,2018-6,2018-9,,,operational
CHINA,CN -29,SANMEN-2,PWR,AP-1000,1157,2009-12,,2018-8,2018-11,,,operational
CHINA,CN -3,DAYA BAY-2,PWR,M310,986,1988-4,,1994-2,1994-5,,,operational
CHINA,CN -30,HAIYANG-1,PWR,AP-1000,1170,2009-9,,2018-8,2018-10,,,operational
CHINA,CN -31,HAIYANG-2,PWR,AP-1000,1170,2010-6,,2018-10,2019-1,,,operational
CHINA,CN -32,TAISHAN-1,PWR,EPR-1750,1660,2009-11,,2018-6,2018-12,,,operational
CHINA,CN -33,TAISHAN-2,PWR,EPR-1750,1660,2010-4,,2019-6,2019-9,,,operational
CHINA,CN -34,NINGDE-3,PWR,CPR-1000,1018,2010-1,,2015-3,2015-6,,,operational
CHINA,CN -35,NINGDE-4,PWR,CPR-1000,1018,2010-9,,2016-3,2016-7,,,operational
CHINA,CN -36,CHANGJIANG-1,PWR,CNP-600,601,2010-4,,2015-11,2015-12,,,operational
CHINA,CN -37,CHANGJIANG-2,PWR,CNP-600,601,2010-11,,2016-6,2016-8,,,operational
CHINA,CN -38,FANGCHENGGANG-1,PWR,CPR-1000,1000,2010-7,,2015-10,2016-1,,,operational
CHINA,CN -39,FANGCHENGGANG-2,PWR,CPR-1000,1000,2010-12,,2016-7,2016-10,,,operational
CHINA,CN -4,QINSHAN 2-1,PWR,CNP-600,623,1996-6,,2002-2,2002-4,,,operational
CHINA,CN -40,YANGJIANG-3,PWR,CPR-1000,1000,2010-11,,2015-10,2016-1,,,operational
CHINA,CN -41,YANGJIANG-4,PWR,CPR-1000,1000,2012-11,,2017-1,2017-3,,,operational
CHINA,CN -42,FUQING-3,PWR,CNP-1000,1000,2010-12,,2016-9,2016-10,,,operational
CHINA,CN -43,FUQING-4,PWR,CNP-1000,1000,2012-11,,2017-7,2017-9,,,operational
CHINA,CN -44,SHIDAO BAY-1,HTGR,HTR-PM,150,2012-12,,2021-12,2023-12,,,operational
CHINA,CN -45,TIANWAN-3,PWR,VVER V-428M,1060,2012-12,,2017-12,2018-2,,,operational
CHINA,CN -46,TIANWAN-4,PWR,VVER V-428M,1060,2013-9,,2018-10,2018-12,,,operational
CHINA,CN -47,YANGJIANG-5,PWR,ACPR-1000,1000,2013-9,,2018-5,2018-7,,,operational
CHINA,CN -48,YANGJIANG-6,PWR,ACPR-1000,1000,2013-12,,2019-6,2019-7,,,operational
CHINA,CN -49,HONGYANHE-5,PWR,ACPR-1000,1061,2015-3,,2021-6,2021-7,,,operational
CHINA,CN -5,QINSHAN 2-2,PWR,CNP-600,623,1997-4,,2004-3,2004-5,,,operational
CHINA,CN -50,HONGYANHE-6,PWR,ACPR-1000,1061,2015-7,,2022-5,2022-6,,,operational
CHINA,CN -51,FUQING-5,PWR,HPR1000,1075,2015-5,,2020-11,2021-1,,,operational
CHINA,CN -52,FUQING-6,PWR,HPR1000,1075,2015-12,,2022-1,2022-3,,,operational
CHINA,CN -53,TIANWAN-5,PWR,CNP-1000,1060,2015-12,,2020-8,2020-9,,,operational
CHINA,CN -54,TIANWAN-6,PWR,CNP-1000,1060,2016-9,,2021-5,2021-6,,,operational
CHINA,CN -55,FANGCHENGGANG-3,PWR,HPR1000,1000,2015-12,,2023-1,2023-3,,,operational
CHINA,CN -56,FANGCHENGGANG-4,PWR,HPR1000,1000,2016-12,,2024-4,2024-5,,,operational
CHINA,CN -57,ZHANGZHOU-1,PWR,HPR1000,1126,2019-10,,2024-11,2025-1,,,operational
CHINA,CN -6,LING AO-1,PWR,M310,950,1997-5,,2002-2,2002-5,,,operational
CHINA,CN -7,LING AO-2,PWR,M310,950,1997-11,,2002-9,2003-1,,,operational
CHINA,CN -8,QINSHAN 3-1,PHWR,CANDU 6,677,1998-6,,2002-11,2002-12,,,operational
CHINA,CN -9,QINSHAN 3-2,PHWR,CANDU 6,677,1998-9,,2003-6,2003-7,,,operational
CZECH REP.,CZ -23,TEMELIN-1,PWR,VVER V-320,1027,1987-2,,2000-12,2002-6,,,operational
CZECH REP.,CZ -24,TEMELIN-2,PWR,VVER V-320,1029,1987-2,,2002-12,2003-4,,,operational
CZECH REP.,CZ -4,DUKOVANY-1,PWR,VVER V-213,479,1979-1,,1985-2,1985-5,,,operational
CZECH REP.,CZ -5,DUKOVANY-2,PWR,VVER V-213,482,1979-1,,1986-1,1986-3,,,operational
CZECH REP.,CZ -8,DUKOVANY-3,PWR,VVER V-213,475,1979-3,,1986-11,1986-12,,,operational
CZECH REP.,CZ -9,DUKOVANY-4,PWR,VVER V-213,471,1979-3,,1987-6,1987-7,,,operational
FINLAND,FI -1,LOVIISA-1,PWR,VVER V-213,507,1971-5,,1977-2,1977-5,,,operational
FINLAND,FI -2,LOVIISA-2,PWR,VVER V-213,507,1972-8,,1980-11,1981-1,,,operational
FINLAND,FI -3,OLKILUOTO-1,BWR,"AA-III, BWR-25",890,1974-2,,1978-9,1979-10,,,operational
FINLAND,FI -4,OLKILUOTO-2,BWR,"AA-III, BWR-25",890,1975-11,,1980-2,1982-7,,,operational
FINLAND,FI -5,OLKILUOTO-3,PWR,EPR,1575,2005-8,,2022-3,2023-5,,,operational
FRANCE,FR -13,BUGEY-2,PWR,CP0,910,1972-11,,1978-5,1979-3,,,operational
FRANCE,FR -14,BUGEY-3,PWR,CP0,910,1973-9,,1978-9,1979-3,,,operational
FRANCE,FR -15,BUGEY-4,PWR,CP0,880,1974-6,,1979-3,1979-7,,,operational
FRANCE,FR -16,BUGEY-5,PWR,CP0,880,1974-7,,1979-7,1980-1,,,operational
FRANCE,FR -17,ST. LAURENT B-1,PWR,CP2,915,1976-5,,1981-1,1983-8,,,operational
FRANCE,FR -18,TRICASTIN-1,PWR,CP1,915,1974-11,,1980-5,1980-12,,,operational
FRANCE,FR -19,TRICASTIN-2,PWR,CP1,915,1974-12,,1980-8,1980-12,,,operational
FRANCE,FR -20,GRAVELINES-1,PWR,CP1,910,1975-2,,1980-3,1980-11,,,operational
FRANCE,FR -21,GRAVELINES-2,PWR,CP1,910,1975-3,,1980-8,1980-12,,,operational
FRANCE,FR -22,DAMPIERRE-1,PWR,CP1,890,1975-2,,1980-3,1980-9,,,operational
FRANCE,FR -23,ST. LAURENT B-2,PWR,CP2,915,1976-7,,1981-6,1983-8,,,operational
FRANCE,FR -25,TRICASTIN-3,PWR,CP1,915,1975-4,,1981-2,1981-5,,,operational
FRANCE,FR -26,TRICASTIN-4,PWR,CP1,915,1975-5,,1981-6,1981-11,,,operational
FRANCE,FR -27,GRAVELINES-3,PWR,CP1,910,1975-12,,1980-12,1981-6,,,operational
FRANCE,FR -28,GRAVELINES-4,PWR,CP1,910,1976-4,,1981-6,1981-10,,,operational
FRANCE,FR -29,DAMPIERRE-2,PWR,CP1,890,1975-4,,1980-12,1981-2,,,operational
FRANCE,FR -30,DAMPIERRE-3,PWR,CP1,890,1975-9,,1981-1,1981-5,,,operational
FRANCE,FR -31,DAMPIERRE-4,PWR,CP1,890,1975-12,,1981-8,1981-11,,,operational
FRANCE,FR -32,BLAYAIS-1,PWR,CP1,910,1977-1,,1981-6,1981-12,,,operational
FRANCE,FR -33,BLAYAIS-2,PWR,CP1,910,1977-1,,1982-7,1983-2,,,operational
FRANCE,FR -34,BLAYAIS-3,PWR,CP1,910,1978-4,,1983-8,1983-11,,,operational
FRANCE,FR -35,BLAYAIS-4,PWR,CP1,910,1978-4,,1983-5,1983-10,,,operational
FRANCE,FR -36,PALUEL-1,PWR,P4 REP 1300,1330,1977-8,,1984-6,1985-12,,,operational
FRANCE,FR -37,PALUEL-2,PWR,P4 REP 1300,1330,1978-1,,1984-9,1985-12,,,operational
FRANCE,FR -38,PALUEL-3,PWR,P4 REP 1300,1330,1979-2,,1985-9,1986-2,,,operational
FRANCE,FR -39,PALUEL-4,PWR,P4 REP 1300,1330,1980-2,,1986-4,1986-6,,,operational
FRANCE,FR -40,CHINON B-1,PWR,CP2,905,1977-3,,1982-11,1984-2,,,operational
FRANCE,FR -41,CHINON B-2,PWR,CP2,905,1977-3,,1983-11,1984-8,,,operational
FRANCE,FR -42,CRUAS-1,PWR,CP2,915,1978-8,,1983-4,1984-4,,,operational
FRANCE,FR -43,CRUAS-2,PWR,CP2,915,1978-11,,1984-9,1985-4,,,operational
FRANCE,FR -44,CRUAS-3,PWR,CP2,915,1979-4,,1984-5,1984-9,,,operational
FRANCE,FR -45,CRUAS-4,PWR,CP2,915,1979-10,,1984-10,1985-2,,,operational
FRANCE,FR -46,FLAMANVILLE-1,PWR,P4 REP 1300,1330,1979-12,,1985-12,1986-12,,,operational
FRANCE,FR -47,FLAMANVILLE-2,PWR,P4 REP 1300,1330,1980-5,,1986-7,1987-3,,,operational
FRANCE,FR -48,ST. ALBAN-1,PWR,P4 REP 1300,1335,1979-1,,1985-8,1986-5,,,operational
FRANCE,FR -49,ST. ALBAN-2,PWR,P4 REP 1300,1335,1979-7,,1986-7,1987-3,,,operational
FRANCE,FR -50,CATTENOM-1,PWR,P4 REP 1300,1300,1979-10,,1986-11,1987-4,,,operational
FRANCE,FR -51,GRAVELINES-5,PWR,CP1,910,1979-10,,1984-8,1985-1,,,operational
FRANCE,FR -52,GRAVELINES-6,PWR,CP1,910,1979-10,,1985-8,1985-10,,,operational
FRANCE,FR -53,CATTENOM-2,PWR,P4 REP 1300,1300,1980-7,,1987-9,1988-2,,,operational
FRANCE,FR -54,BELLEVILLE-1,PWR,P4 REP 1300,1310,1980-5,,1987-10,1988-6,,,operational
FRANCE,FR -55,BELLEVILLE-2,PWR,P4 REP 1300,1310,1980-8,,1988-7,1989-1,,,operational
FRANCE,FR -56,CHINON B-3,PWR,CP2,905,1980-10,,1986-10,1987-3,,,operational
FRANCE,FR -57,CHINON B-4,PWR,CP2,905,1981-2,,1987-11,1988-4,,,operational
FRANCE,FR -58,NOGENT-1,PWR,P4 REP 1300,1310,1981-5,,1987-10,1988-2,,,operational
FRANCE,FR -59,NOGENT-2,PWR,P4 REP 1300,1310,1982-1,,1988-12,1989-5,,,operational
FRANCE,FR -60,CATTENOM-3,PWR,P4 REP 1300,1300,1982-6,,1990-7,1991-2,,,operational
FRANCE,FR -61,GOLFECH-1,PWR,P4 REP 1300,1310,1982-11,,1990-6,1991-2,,,operational
FRANCE,FR -62,CHOOZ B-1,PWR,N4 REP 1450,1500,1984-1,,1996-8,2000-5,,,operational
FRANCE,FR -63,PENLY-1,PWR,P4 REP 1300,1330,1982-9,,1990-5,1990-12,,,operational
FRANCE,FR -64,PENLY-2,PWR,P4 REP 1300,1330,1984-8,,1992-2,1992-11,,,operational
FRANCE,FR -65,CATTENOM-4,PWR,P4 REP 1300,1300,1983-9,,1991-5,1992-1,,,operational
FRANCE,FR -68,GOLFECH-2,PWR,P4 REP 1300,1310,1984-10,,1993-6,1994-3,,,operational
FRANCE,FR -70,CHOOZ B-2,PWR,N4 REP 1450,1500,1985-12,,1997-4,2000-9,,,operational
FRANCE,FR -72,CIVAUX-1,PWR,N4 REP 1450,1495,1988-10,,1997-12,2002-1,,,operational
FRANCE,FR -73,CIVAUX-2,PWR,N4 REP 1450,1495,1991-4,,1999-12,2002-4,,,operational
FRANCE,FR -74,FLAMANVILLE-3,PWR,EPR,1630,2007-12,,2024-12,,,,operational
HUNGARY,HU -1,PAKS-1,PWR,VVER V-213,479,1974-8,,1982-12,1983-8,,,operational
HUNGARY,HU -2,PAKS-2,PWR,VVER V-213,479,1974-8,,1984-9,1984-11,,,operational
HUNGARY,HU -3,PAKS-3,PWR,VVER V-213,479,1979-10,,1986-9,1986-12,,,operational
HUNGARY,HU -4,PAKS-4,PWR,VVER V-213,479,1979-10,,1987-8,1987-11,,,operational
INDIA,IN -10,KAKRAPAR-2,PHWR,Horizontal Pre,202,1985-4,,1995-3,1995-9,,,operational
INDIA,IN -11,RAJASTHAN-3,PHWR,Horizontal Pre,202,1990-2,,2000-3,2000-6,,,operational
INDIA,IN -12,RAJASTHAN-4,PHWR,Horizontal Pre,202,1990-10,,2000-11,2000-12,,,operational
INDIA,IN -13,KAIGA-1,PHWR,Horizontal Pre,202,1989-9,,2000-10,2000-11,,,operational
INDIA,IN -14,KAIGA-2,PHWR,Horizontal Pre,202,1989-12,,1999-12,2000-3,,,operational
INDIA,IN -15,KAIGA-3,PHWR,Horizontal Pre,202,2002-3,,2007-4,2007-5,,,operational
INDIA,IN -16,KAIGA-4,PHWR,Horizontal Pre,202,2002-5,,2011-1,2011-1,,,operational
INDIA,IN -19,RAJASTHAN-5,PHWR,Horizontal Pre,202,2002-9,,2009-12,2010-2,,,operational
INDIA,IN -20,RAJASTHAN-6,PHWR,Horizontal Pre,202,2003-1,,2010-3,2010-3,,,operational
INDIA,IN -23,TARAPUR-3,PHWR,Horizontal Pre,490,2000-5,,2006-6,2006-8,,,operational
INDIA,IN -24,TARAPUR-4,PHWR,Horizontal Pre,490,2000-3,,2005-6,2005-9,,,operational
INDIA,IN -25,KUDANKULAM-1,PWR,VVER V-412,932,2002-3,,2013-10,2014-12,,,operational
INDIA,IN -26,KUDANKULAM-2,PWR,VVER V-412,932,2002-7,,2016-8,2017-3,,,operational
INDIA,IN -30,KAKRAPAR-3,PHWR,PHWR-700,630,2010-11,,2021-1,2023-6,,,operational
INDIA,IN -31,KAKRAPAR-4,PHWR,PHWR-700,630,2010-11,,2024-2,2024-3,,,operational
INDIA,IN -4,RAJASTHAN-2,PHWR,Horizontal Pre,187,1968-4,,1980-11,1981-4,,,operational
INDIA,IN -6,MADRAS-2,PHWR,Horizontal Pre,205,1972-10,,1985-9,1986-3,,,operational
INDIA,IN -7,NARORA-1,PHWR,Horizontal Pre,202,1976-12,,1989-7,1991-1,,,operational
INDIA,IN -8,NARORA-2,PHWR,Horizontal Pre,202,1977-11,,1992-1,1992-7,,,operational
INDIA,IN -9,KAKRAPAR-1,PHWR,Horizontal Pre,202,1984-12,,1992-11,1993-5,,,operational
"IRAN,ISL.REP",IR -1,BUSHEHR-1,PWR,VVER V-446,915,1975-5,,2011-9,2013-9,,,operational
JAPAN,JP -13,TAKAHAMA-2,PWR,M (3-loop),780,1971-3,,1975-1,1975-11,,,operational
JAPAN,JP -14,MIHAMA-3,PWR,M (3-loop),780,1972-8,,1976-2,1976-12,,,operational
JAPAN,JP -28,SENDAI-1,PWR,M (3-loop),846,1979-12,,1983-9,1984-7,,,operational
JAPAN,JP -29,TAKAHAMA-3,PWR,M (3-loop),830,1980-12,,1984-5,1985-1,,,operational
JAPAN,JP -30,TAKAHAMA-4,PWR,M (3-loop),830,1981-3,,1984-11,1985-6,,,operational
JAPAN,JP -37,SENDAI-2,PWR,M (3-loop),846,1981-10,,1985-4,1985-11,,,operational
JAPAN,JP -41,SHIMANE-2,BWR,BWR-5,789,1985-2,,1988-7,1989-2,,,operational
JAPAN,JP -45,GENKAI-3,PWR,M (4-loop),1127,1988-6,,1993-6,1994-3,,,operational
JAPAN,JP -46,GENKAI-4,PWR,M (4-loop),1127,1992-7,,1996-11,1997-7,,,operational
JAPAN,JP -47,IKATA-3,PWR,M (3-loop),846,1990-10,,1994-3,1994-12,,,operational
JAPAN,JP -50,OHI-3,PWR,M (4-loop),1127,1987-10,,1991-6,1991-12,,,operational
JAPAN,JP -51,OHI-4,PWR,M (4-loop),1127,1988-6,,1992-6,1993-2,,,operational
JAPAN,JP -54,ONAGAWA-2,BWR,BWR-5,796,1991-4,,1994-12,1995-7,,,operational
JAPAN,JP -8,TAKAHAMA-1,PWR,M (3-loop),780,1970-4,,1974-3,1974-11,,,operational
"KOREA,REP.OF",KR -10,HANUL-2,PWR,France CPI,957,1983-7,,1989-4,1989-9,,,operational
"KOREA,REP.OF",KR -11,HANBIT-3,PWR,OPR-1000,983,1989-12,,1994-10,1995-3,,,operational
"KOREA,REP.OF",KR -12,HANBIT-4,PWR,OPR-1000,961,1990-5,,1995-7,1996-1,,,operational
"KOREA,REP.OF",KR -13,HANUL-3,PWR,OPR-1000,991,1993-7,,1998-1,1998-8,,,operational
"KOREA,REP.OF",KR -14,HANUL-4,PWR,OPR-1000,994,1993-11,,1998-12,1999-12,,,operational
"KOREA,REP.OF",KR -15,WOLSONG-3,PHWR,CANDU 6,595,1994-3,,1998-3,1998-7,,,operational
"KOREA,REP.OF",KR -16,WOLSONG-4,PHWR,CANDU 6,569,1994-7,,1999-5,1999-10,,,operational
"KOREA,REP.OF",KR -17,HANBIT-5,PWR,OPR-1000,974,1997-6,,2001-12,2002-5,,,operational
"KOREA,REP.OF",KR -18,HANBIT-6,PWR,OPR-1000,978,1997-11,,2002-9,2002-12,,,operational
"KOREA,REP.OF",KR -19,HANUL-5,PWR,OPR-1000,989,1999-10,,2003-12,2004-7,,,operational
"KOREA,REP.OF",KR -2,KORI-2,PWR,WH F,640,1977-12,,1983-4,1983-7,,,operational
"KOREA,REP.OF",KR -20,HANUL-6,PWR,OPR-1000,987,2000-9,,2005-1,2005-4,,,operational
"KOREA,REP.OF",KR -21,SHIN-KORI-1,PWR,OPR-1000,986,2006-6,,2010-8,2011-2,,,operational
"KOREA,REP.OF",KR -22,SHIN-KORI-2,PWR,OPR-1000,982,2007-6,,2012-1,2012-7,,,operational
"KOREA,REP.OF",KR -23,SHIN-WOLSONG-1,PWR,OPR-1000,980,2007-11,,2012-1,2012-7,,,operational
"KOREA,REP.OF",KR -24,SHIN-WOLSONG-2,PWR,OPR-1000,976,2008-9,,2015-2,2015-7,,,operational
"KOREA,REP.OF",KR -25,SAEUL-1,PWR,APR-1400,1392,2008-10,,2016-1,2016-12,,,operational
"KOREA,REP.OF",KR -26,SAEUL-2,PWR,APR-1400,1392,2009-8,,2019-4,2019-8,,,operational
"KOREA,REP.OF",KR -27,SHIN-HANUL-1,PWR,APR-1400,1429,2012-7,,2022-6,2022-12,,,operational
"KOREA,REP.OF",KR -28,SHIN-HANUL-2,PWR,APR-1400,1416,2013-6,,2023-12,2024-4,,,operational
"KOREA,REP.OF",KR -4,WOLSONG-2,PHWR,CANDU 6,571,1992-9,,1997-4,1997-7,,,operational
"KOREA,REP.OF",KR -5,KORI-3,PWR,WH F,996,1979-10,,1985-1,1985-9,,,operational
"KOREA,REP.OF",KR -6,KORI-4,PWR,WH F,1001,1980-4,,1985-12,1986-4,,,operational
"KOREA,REP.OF",KR -7,HANBIT-1,PWR,WH F,965,1981-6,,1986-3,1986-8,,,operational
"KOREA,REP.OF",KR -8,HANBIT-2,PWR,WH F,952,1981-12,,1986-11,1987-6,,,operational
"KOREA,REP.OF",KR -9,HANUL-1,PWR,France CPI,953,1983-1,,1988-4,1988-9,,,operational
MEXICO,MX -1,LAGUNA VERDE-1,BWR,BWR-5,777,1976-9,,1989-4,1990-7,,,operational
MEXICO,MX -2,LAGUNA VERDE-2,BWR,BWR-5,775,1977-5,,1994-11,1995-4,,,operational
NETHERLANDS,NL -2,BORSSELE,PWR,KWU 2LP,482,1969-7,,1973-7,1973-10,,,operational
PAKISTAN,PK -2,CHASNUPP-1,PWR,CNP-300,300,1993-8,,2000-6,2000-9,,,operational
PAKISTAN,PK -3,CHASNUPP-2,PWR,CNP-300,300,2005-12,,2011-3,2011-5,,,operational
PAKISTAN,PK -4,CHASNUPP-3,PWR,CNP-300,315,2011-5,,2016-10,2016-12,,,operational
PAKISTAN,PK -5,CHASNUPP-4,PWR,CNP-300,313,2011-12,,2017-6,2017-9,,,operational
PAKISTAN,PK -6,KANUPP-2,PWR,ACP-1000,1017,2015-8,,2021-3,2021-5,,,operational
PAKISTAN,PK -7,KANUPP-3,PWR,ACP-1000,1017,2016-5,,2022-3,2022-4,,,operational
ROMANIA,RO -1,CERNAVODA-1,PHWR,CANDU 6,650,1983-3,,1996-7,1996-12,,,operational
ROMANIA,RO -2,CERNAVODA-2,PHWR,CANDU 6,650,1983-7,,2007-8,2007-11,,,operational
RUSSIA,RU -11,NOVOVORONEZH-4,PWR,VVER V-179,385,1967-7,,1972-12,1973-3,,,operational
RUSSIA,RU -116,BELOYARSK-4,FBR,BN-800,820,2006-7,,2015-12,2016-10,,,operational
RUSSIA,RU -12,KOLA-1,PWR,VVER V-230,411,1970-5,,1973-6,1973-12,,,operational
RUSSIA,RU -13,KOLA-2,PWR,VVER V-230,411,1970-5,,1974-12,1975-2,,,operational
RUSSIA,RU -142,BILIBINO-2,LWGR,EGP-6,11,1970-1,,1974-12,1975-2,,,operational
RUSSIA,RU -143,BILIBINO-3,LWGR,EGP-6,11,1970-1,,1975-12,1976-2,,,operational
RUSSIA,RU -144,BILIBINO-4,LWGR,EGP-6,11,1970-1,,1976-12,1977-1,,,operational
RUSSIA,RU -151,AKADEMIK LOMONOSOV-1,PWR,KLT-40S 'Float,32,2007-4,,2019-12,2020-5,,,operational
RUSSIA,RU -152,AKADEMIK LOMONOSOV-2,PWR,KLT-40S 'Float,32,2007-4,,2019-12,2020-5,,,operational
RUSSIA,RU -161,NOVOVORONEZH 2-1,PWR,VVER V-392M,1100,2008-6,,2016-8,2017-2,,,operational
RUSSIA,RU -162,NOVOVORONEZH 2-2,PWR,VVER V-392M,1101,2009-7,,2019-5,2019-10,,,operational
RUSSIA,RU -163,LENINGRAD 2-1,PWR,VVER V-491,1101,2008-10,,2018-3,2018-10,,,operational
RUSSIA,RU -164,LENINGRAD 2-2,PWR,VVER V-491,1101,2010-4,,2020-10,2021-3,,,operational
RUSSIA,RU -20,NOVOVORONEZH-5,PWR,VVER V-187,950,1974-3,,1980-5,1981-2,,,operational
RUSSIA,RU -21,BELOYARSK-3,FBR,BN-600,560,1969-1,,1980-4,1981-11,,,operational
RUSSIA,RU -23,SMOLENSK-1,LWGR,RBMK-1000,925,1975-10,,1982-12,1983-9,,,operational
RUSSIA,RU -24,SMOLENSK-2,LWGR,RBMK-1000,925,1976-6,,1985-5,1985-7,,,operational
RUSSIA,RU -30,KALININ-1,PWR,VVER V-338,950,1977-2,,1984-5,1985-6,,,operational
RUSSIA,RU -31,KALININ-2,PWR,VVER V-338,950,1982-2,,1986-12,1987-3,,,operational
RUSSIA,RU -32,KOLA-3,PWR,VVER V-213,411,1977-4,,1981-3,1982-12,,,operational
RUSSIA,RU -33,KOLA-4,PWR,VVER V-213,411,1976-8,,1984-10,1984-12,,,operational
RUSSIA,RU -34,LENINGRAD-3,LWGR,RBMK-1000,925,1973-12,,1979-12,1980-6,,,operational
RUSSIA,RU -35,LENINGRAD-4,LWGR,RBMK-1000,925,1975-2,,1981-2,1981-8,,,operational
RUSSIA,RU -36,KALININ-3,PWR,VVER V-320,950,1985-10,,2004-12,2005-11,,,operational
RUSSIA,RU -37,KALININ-4,PWR,VVER V-320,950,1986-8,,2011-11,2012-12,,,operational
RUSSIA,RU -38,KURSK-3,LWGR,RBMK-1000,925,1978-4,,1983-10,1984-3,,,operational
RUSSIA,RU -39,KURSK-4,LWGR,RBMK-1000,925,1981-5,,1985-12,1986-2,,,operational
RUSSIA,RU -59,ROSTOV-1,PWR,VVER V-320,989,1981-9,,2001-3,2001-12,,,operational
RUSSIA,RU -62,ROSTOV-2,PWR,VVER V-320,950,1983-5,,2010-3,2010-12,,,operational
RUSSIA,RU -63,ROSTOV-3,PWR,VVER V-320,950,2009-9,,2014-12,2015-9,,,operational
RUSSIA,RU -64,ROSTOV-4,PWR,VVER V-320,979,2010-6,,2018-2,2018-9,,,operational
RUSSIA,RU -67,SMOLENSK-3,LWGR,RBMK-1000,925,1984-5,,1990-1,1990-10,,,operational
RUSSIA,RU -96,BALAKOVO-1,PWR,VVER V-320,950,1980-12,,1985-12,1986-5,,,operational
RUSSIA,RU -97,BALAKOVO-2,PWR,VVER V-320,950,1981-8,,1987-10,1988-1,,,operational
RUSSIA,RU -98,BALAKOVO-3,PWR,VVER V-320,950,1982-11,,1988-12,1989-4,,,operational
RUSSIA,RU -99,BALAKOVO-4,PWR,VVER V-320,950,1984-4,,1993-4,1993-12,,,operational
SLOVAKIA,SK -10,MOCHOVCE-3,PWR,VVER V-213,434,1987-1,,2023-1,,,,operational
SLOVAKIA,SK -13,BOHUNICE-3,PWR,VVER V-213,466,1976-12,,1984-8,1985-2,,,operational
SLOVAKIA,SK -14,BOHUNICE-4,PWR,VVER V-213,466,1976-12,,1985-8,1985-12,,,operational
SLOVAKIA,SK -6,MOCHOVCE-1,PWR,VVER V-213,467,1983-10,,1998-7,1998-10,,,operational
SLOVAKIA,SK -7,MOCHOVCE-2,PWR,VVER V-213,469,1983-10,,1999-12,2000-4,,,operational
SLOVENIA,SI -1,KRSKO,PWR,WH 2LP,696,1975-3,,1981-10,1983-1,,,operational
SOUTH AFRICA,ZA -1,KOEBERG-1,PWR,CP1,924,1976-7,,1984-4,1984-7,,,operational
SOUTH AFRICA,ZA -2,KOEBERG-2,PWR,CP1,930,1976-7,,1985-7,1985-11,,,operational
SPAIN,ES -10,COFRENTES,BWR,BWR-6 (Mark,1064,1975-9,,1984-10,1985-3,,,operational
SPAIN,ES -11,TRILLO-1,PWR,PWR 3 loops,1003,1979-8,,1988-5,1988-8,,,operational
SPAIN,ES -16,VANDELLOS-2,PWR,WH 3LP,1047,1980-12,,1987-12,1988-3,,,operational
SPAIN,ES -6,ALMARAZ-1,PWR,WH 3LP,1011,1973-7,,1981-5,1983-9,,,operational
SPAIN,ES -7,ALMARAZ-2,PWR,WH 3LP,1006,1973-7,,1983-10,1984-7,,,operational
SPAIN,ES -8,ASCO-1,PWR,WH 3LP,995,1974-5,,1983-8,1984-12,,,operational
SPAIN,ES -9,ASCO-2,PWR,WH 3LP,997,1975-3,,1985-10,1986-3,,,operational
SWEDEN,SE -10,RINGHALS-4,PWR,WH 3LP,1130,1973-11,,1982-6,1983-11,,,operational
SWEDEN,SE -11,FORSMARK-2,BWR,"AA-III, BWR-25",1121,1975-1,,1981-1,1981-7,,,operational
SWEDEN,SE -12,OSKARSHAMN-3,BWR,"AA-IV, BWR-300",1400,1980-5,,1985-3,1985-8,,,operational
SWEDEN,SE -14,FORSMARK-3,BWR,"AA-IV, BWR-300",1172,1979-1,,1985-3,1985-8,,,operational
SWEDEN,SE -7,RINGHALS-3,PWR,WH 3LP,1081,1972-9,,1980-9,1981-9,,,operational
SWEDEN,SE -9,FORSMARK-1,BWR,"AA-III, BWR-25",1104,1973-6,,1980-6,1980-12,,,operational
SWITZERLAND,CH -1,BEZNAU-1,PWR,WH 2LP,365,1965-9,,1969-7,1969-12,,,operational
SWITZERLAND,CH -3,BEZNAU-2,PWR,WH 2LP,365,1968-1,,1971-10,1972-3,,,operational
SWITZERLAND,CH -4,GOESGEN,PWR,PWR 3 Loop,1010,1973-12,,1979-2,1979-11,,,operational
SWITZERLAND,CH -5,LEIBSTADT,BWR,BWR-6,1233,1974-1,,1984-5,1984-12,,,operational
UAE,AE -01,BARAKAH-1,PWR,APR-1400,1337,2012-7,,2020-8,2021-4,,,operational
UAE,AE -02,BARAKAH-2,PWR,APR-1400,1337,2013-4,,2021-9,2022-3,,,operational
UAE,AE -03,BARAKAH-3,PWR,APR-1400,1337,2014-9,,2022-10,2023-2,,,operational
UAE,AE -04,BARAKAH-4,PWR,APR-1400,1337,2015-7,,2024-3,2024-9,,,operational
UK,GB -19A,HARTLEPOOL A-1,GCR,AGR,590,1968-10,,1983-8,1989-4,,,operational
UK,GB -19B,HARTLEPOOL A-2,GCR,AGR,595,1968-10,,1984-10,1989-4,,,operational
UK,GB -20A,HEYSHAM A-1,GCR,AGR,485,1970-12,,1983-7,1989-4,,,operational
UK,GB -20B,HEYSHAM A-2,GCR,AGR,575,1970-12,,1984-10,1989-4,,,operational
UK,GB -22A,HEYSHAM B-1,GCR,AGR,620,1980-8,,1988-7,1989-4,,,operational
UK,GB -22B,HEYSHAM B-2,GCR,AGR,620,1980-8,,1988-11,1989-4,,,operational
UK,GB -23A,TORNESS-1,GCR,AGR,595,1980-8,,1988-5,1988-5,,,operational
UK,GB -23B,TORNESS-2,GCR,AGR,605,1980-8,,1989-2,1989-2,,,operational
UK,GB -24,SIZEWELL B,PWR,SNUPPS,1198,1988-7,,1995-2,1995-9,,,operational
UKRAINE,UA -126,ZAPOROZHYE-5,PWR,VVER V-320,950,1985-11,,1989-8,1989-10,,,operational
UKRAINE,UA -127,ZAPOROZHYE-6,PWR,VVER V-320,950,1986-6,,1995-10,1996-9,,,operational
UKRAINE,UA -27,RIVNE-1,PWR,VVER V-213,381,1973-8,,1980-12,1981-9,,,operational
UKRAINE,UA -28,RIVNE-2,PWR,VVER V-213,376,1973-10,,1981-12,1982-7,,,operational
UKRAINE,UA -29,RIVNE-3,PWR,VVER V-320,950,1980-2,,1986-12,1987-5,,,operational
UKRAINE,UA -40,KHMELNITSKI-1,PWR,VVER V-320,950,1981-11,,1987-12,1988-8,,,operational
UKRAINE,UA -41,KHMELNITSKI-2,PWR,VVER V-320,950,1985-2,,2004-8,2005-12,,,operational
UKRAINE,UA -44,SOUTH UKRAINE-1,PWR,VVER V-302,950,1976-8,,1982-12,1983-12,,,operational
UKRAINE,UA -45,SOUTH UKRAINE-2,PWR,VVER V-338,950,1981-7,,1985-1,1985-4,,,operational
UKRAINE,UA -48,SOUTH UKRAINE-3,PWR,VVER V-320,950,1984-11,,1989-9,1989-12,,,operational
UKRAINE,UA -54,ZAPOROZHYE-1,PWR,VVER V-320,950,1980-4,,1984-12,1985-12,,,operational
UKRAINE,UA -56,ZAPOROZHYE-2,PWR,VVER V-320,950,1981-1,,1985-7,1986-2,,,operational
UKRAINE,UA -69,RIVNE-4,PWR,VVER V-320,950,1986-8,,2004-10,2006-4,,,operational
UKRAINE,UA -78,ZAPOROZHYE-3,PWR,VVER V-320,950,1982-4,,1986-12,1987-3,,,operational
UKRAINE,UA -79,ZAPOROZHYE-4,PWR,VVER V-320,950,1983-4,,1987-12,1988-4,,,operational
USA,US -220,NINE MILE POINT-1,BWR,BWR-2 (Mark,613,1965-4,,1969-11,1969-12,,,operational
USA,US -237,DRESDEN-2,BWR,BWR-3 (Mark,894,1966-1,,1970-4,1970-6,,,operational
USA,US -244,GINNA,PWR,WH 2LP,560,1966-4,,1969-12,1970-7,,,operational
USA,US -249,DRESDEN-3,BWR,BWR-3 (Mark,879,1966-10,,1971-7,1971-11,,,operational
USA,US -250,TURKEY POINT-3,PWR,WH 3LP,837,1967-4,,1972-11,1972-12,,,operational
USA,US -251,TURKEY POINT-4,PWR,WH 3LP,821,1967-4,,1973-6,1973-9,,,operational
USA,US -254,QUAD CITIES-1,BWR,BWR-3 (Mark,908,1967-2,,1972-4,1973-2,,,operational
USA,US -259,BROWNS FERRY-1,BWR,BWR-4 (Mark,1200,1967-5,,1973-10,1974-12,,,operational
USA,US -260,BROWNS FERRY-2,BWR,BWR-4 (Mark,1200,1967-5,,1974-8,1975-3,,,operational
USA,US -261,ROBINSON-2,PWR,WH 3LP,741,1967-4,,1970-9,1971-3,,,operational
USA,US -263,MONTICELLO,BWR,BWR-3 (Mark,628,1967-6,,1971-3,1971-6,,,operational
USA,US -265,QUAD CITIES-2,BWR,BWR-3 (Mark,911,1967-2,,1972-5,1973-3,,,operational
USA,US -266,POINT BEACH-1,PWR,WH 2LP,591,1967-7,,1970-11,1970-12,,,operational
USA,US -269,OCONEE-1,PWR,B&W LLP,847,1967-11,,1973-5,1973-7,,,operational
USA,US -270,OCONEE-2,PWR,B&W LLP,848,1967-11,,1973-12,1974-9,,,operational
USA,US -272,SALEM-1,PWR,WH 4LP,1169,1968-9,,1976-12,1977-6,,,operational
USA,US -275,DIABLO CANYON-1,PWR,WH 4LP,1138,1968-4,,1984-11,1985-5,,,operational
USA,US -277,PEACH BOTTOM-2,BWR,BWR-4 (Mark,1300,1968-1,,1974-2,1974-7,,,operational
USA,US -278,PEACH BOTTOM-3,BWR,BWR-4 (Mark,1331,1968-1,,1974-9,1974-12,,,operational
USA,US -280,SURRY-1,PWR,WH 3LP,838,1968-6,,1972-7,1972-12,,,operational
USA,US -281,SURRY-2,PWR,WH 3LP,838,1968-6,,1973-3,1973-5,,,operational
USA,US -282,PRAIRIE ISLAND-1,PWR,WH 2LP,522,1968-6,,1973-12,1973-12,,,operational
USA,US -287,OCONEE-3,PWR,B&W LLP,859,1967-11,,1974-9,1974-12,,,operational
USA,US -296,BROWNS FERRY-3,BWR,BWR-4 (Mark,1210,1968-7,,1976-9,1977-3,,,operational
USA,US -298,COOPER,BWR,BWR-4 (Mark,769,1968-6,,1974-5,1974-7,,,operational
USA,US -301,POINT BEACH-2,PWR,WH 2LP,591,1968-7,,1972-8,1972-10,,,operational
USA,US -306,PRAIRIE ISLAND-2,PWR,WH 2LP,519,1969-6,,1974-12,1974-12,,,operational
USA,US -311,SALEM-2,PWR,WH 4LP,1158,1968-9,,1981-6,1981-10,,,operational
USA,US -313,ANO-1,PWR,B&W LLP,836,1968-10,,1974-8,1974-12,,,operational
USA,US -315,COOK-1,PWR,WH 4LP (ICECDN,1030,1969-3,,1975-2,1975-8,,,operational
USA,US -316,COOK-2,PWR,WH 4LP (ICECDN,1168,1969-3,,1978-3,1978-7,,,operational
USA,US -317,CALVERT CLIFFS-1,PWR,CE 2LP (DRYAMB,877,1968-6,,1975-1,1975-5,,,operational
USA,US -318,CALVERT CLIFFS-2,PWR,CE 2LP (DRYAMB,855,1968-6,,1976-12,1977-4,,,operational
USA,US -321,HATCH-1,BWR,BWR-4 (Mark,876,1968-9,,1974-11,1975-12,,,operational
USA,US -323,DIABLO CANYON-2,PWR,WH 4LP,1118,1970-12,,1985-10,1986-3,,,operational
USA,US -324,BRUNSWICK-2,BWR,BWR-4 (Mark,932,1970-2,,1975-4,1975-11,,,operational
USA,US -325,BRUNSWICK-1,BWR,BWR-4 (Mark,938,1970-2,,1976-12,1977-3,,,operational
USA,US -327,SEQUOYAH-1,PWR,WH 4LP (ICECND,1152,1970-5,,1980-7,1981-7,,,operational
USA,US -328,SEQUOYAH-2,PWR,WH 4LP (ICECND,1139,1970-5,,1981-12,1982-6,,,operational
USA,US -333,FITZPATRICK,BWR,BWR-4 (Mark,813,1968-9,,1975-2,1975-7,,,operational
USA,US -334,BEAVER VALLEY-1,PWR,WH 3LP,908,1970-6,,1976-6,1976-10,,,operational
USA,US -335,ST. LUCIE-1,PWR,CE 2LP (DRYAMB,981,1970-7,,1976-5,1976-12,,,operational
USA,US -336,MILLSTONE-2,PWR,CE 2LP (DRYAMB,869,1969-11,,1975-11,1975-12,,,operational
USA,US -338,NORTH ANNA-1,PWR,WH 3LP,948,1971-2,,1978-4,1978-6,,,operational
USA,US -339,NORTH ANNA-2,PWR,WH 3LP,944,1971-2,,1980-8,1980-12,,,operational
USA,US -341,FERMI-2,BWR,BWR-4 (Mark,1115,1972-9,,1986-9,1988-1,,,operational
USA,US -346,DAVIS BESSE-1,PWR,B&W RLP,894,1970-9,,1977-8,1978-7,,,operational
USA,US -348,FARLEY-1,PWR,WH 3LP,874,1970-10,,1977-8,1977-12,,,operational
USA,US -352,LIMERICK-1,BWR,BWR-4 (Mark,1134,1974-6,,1985-4,1986-2,,,operational
USA,US -353,LIMERICK-2,BWR,BWR-4 (Mark,1134,1974-6,,1989-9,1990-1,,,operational
USA,US -354,HOPE CREEK-1,BWR,BWR-4 (Mark,1172,1976-3,,1986-8,1986-12,,,operational
USA,US -364,FARLEY-2,PWR,WH 3LP,883,1970-10,,1981-5,1981-7,,,operational
USA,US -366,HATCH-2,BWR,BWR-4 (Mark,883,1972-2,,1978-9,1979-9,,,operational
USA,US -368,ANO-2,PWR,CE 2LP (DRYAMB,988,1968-12,,1978-12,1980-3,,,operational
USA,US -369,MCGUIRE-1,PWR,WH 4LP (ICECND,1158,1971-4,,1981-9,1981-12,,,operational
USA,US -370,MCGUIRE-2,PWR,WH 4LP (ICECND,1158,1971-4,,1983-5,1984-3,,,operational
USA,US -373,LASALLE-1,BWR,BWR-5 (Mark,1137,1973-9,,1982-9,1984-1,,,operational
USA,US -374,LASALLE-2,BWR,BWR-5 (Mark,1140,1973-9,,1984-4,1984-10,,,operational
USA,US -382,WATERFORD-3,PWR,CE 2LP (DRYAMB,1168,1974-11,,1985-3,1985-9,,,operational
USA,US -387,SUSQUEHANNA-1,BWR,BWR-4 (Mark,1257,1973-11,,1982-11,1983-6,,,operational
USA,US -388,SUSQUEHANNA-2,BWR,BWR-4 (Mark,1257,1973-11,,1984-7,1985-2,,,operational
USA,US -389,ST. LUCIE-2,PWR,CE 2LP (DRYAMB,987,1977-6,,1983-6,1983-8,,,operational
USA,US -390,WATTS BAR-1,PWR,WH 4LP (ICECND,1157,1973-7,,1996-2,1996-5,,,operational
USA,US -391,WATTS BAR-2,PWR,WH 4LP (ICECND,1164,1973-9,,2016-6,2016-10,,,operational
USA,US -395,SUMMER-1,PWR,WH 3LP,973,1973-3,,1982-11,1984-1,,,operational
USA,US -397,COLUMBIA,BWR,BWR-5 (Mark,1131,1972-8,,1984-5,1984-12,,,operational
USA,US -400,HARRIS-1,PWR,WH 3LP,964,1978-1,,1987-1,1987-5,,,operational
USA,US -410,NINE MILE POINT-2,BWR,BWR-5 (Mark,1277,1975-8,,1987-8,1988-3,,,operational
USA,US -412,BEAVER VALLEY-2,PWR,WH 3LP,905,1974-5,,1987-8,1987-11,,,operational
USA,US -413,CATAWBA-1,PWR,WH 4LP (ICECND,1160,1974-5,,1985-1,1985-6,,,operational
USA,US -414,CATAWBA-2,PWR,WH 4LP (ICECND,1150,1974-5,,1986-5,1986-8,,,operational
USA,US -416,GRAND GULF-1,BWR,BWR-6 (Mark,1401,1974-5,,1984-10,1985-7,,,operational
USA,US -423,MILLSTONE-3,PWR,WH 4LP,1210,1974-8,,1986-2,1986-4,,,operational
USA,US -424,VOGTLE-1,PWR,WH 4LP,1150,1976-8,,1987-3,1987-6,,,operational
USA,US -425,VOGTLE-2,PWR,WH 4LP,1152,1976-8,,1989-4,1989-5,,,operational
USA,US -440,PERRY-1,BWR,BWR-6 (Mark,1240,1974-10,,1986-12,1987-11,,,operational
USA,US -443,SEABROOK-1,PWR,WH 4LP,1246,1976-7,,1990-5,1990-8,,,operational
USA,US -445,COMANCHE PEAK-1,PWR,WH 4LP,1205,1974-12,,1990-4,1990-8,,,operational
USA,US -446,COMANCHE PEAK-2,PWR,WH 4LP,1195,1974-12,,1993-4,1993-8,,,operational
USA,US -454,BYRON-1,PWR,WH 4LP,1164,1975-4,,1985-3,1985-9,,,operational
USA,US -455,BYRON-2,PWR,WH 4LP,1136,1975-4,,1987-2,1987-8,,,operational
USA,US -456,BRAIDWOOD-1,PWR,WH 4LP,1194,1975-8,,1987-7,1988-7,,,operational
USA,US -457,BRAIDWOOD-2,PWR,WH 4LP,1160,1975-8,,1988-5,1988-10,,,operational
USA,US -458,RIVER BEND-1,BWR,BWR-6 (Mark,967,1977-3,,1985-12,1986-6,,,operational
USA,US -461,CLINTON-1,BWR,BWR-6 (Mark,1062,1975-10,,1987-4,1987-11,,,operational
USA,US -482,WOLF CREEK,PWR,WH 4LP,1200,1977-5,,1985-6,1985-9,,,operational
USA,US -483,CALLAWAY-1,PWR,WH 4LP,1215,1975-9,,1984-10,1984-12,,,operational
USA,US -498,SOUTH TEXAS-1,PWR,WH 4LP,1280,1975-12,,1988-3,1988-8,,,operational
USA,US -499,SOUTH TEXAS-2,PWR,WH 4LP,1280,1975-12,,1989-4,1989-6,,,operational
USA,US -5025,VOGTLE-3,PWR,AP-1000,1117,2013-3,,2023-3,2023-7,,,operational
USA,US -5026,VOGTLE-4,PWR,AP-1000,1117,2013-11,,2024-3,2024-4,,,operational
USA,US -528,PALO VERDE-1,PWR,CE80 2LP,1311,1976-5,,1985-6,1986-1,,,operational
USA,US -529,PALO VERDE-2,PWR,CE80 2LP,1314,1976-6,,1986-5,1986-9,,,operational
USA,US -530,PALO VERDE-3,PWR,CE80 2LP,1312,1976-6,,1987-11,1988-1,,,operational
"TAIWAN,CHINA",TW -6,MAANSHAN-2,PWR,WH 3LP (WE,938,1979-2,,1985-2,1985-5,,,operational
INDIA,IN -5,MADRAS-1,PHWR,Horizontal Pre,205,1971-1,,1983-7,1984-1,,,suspended
INDIA,IN -3,RAJASTHAN-1,PHWR,Horizontal Pre,134,1965-8,,1972-11,1973-12,,,suspended
INDIA,IN -1,TARAPUR-1,BWR,BWR-1 (Mark,150,1964-10,,1969-4,1969-10,,,suspended
INDIA,IN -2,TARAPUR-2,BWR,BWR-1 (Mark,150,1964-10,,1969-5,1969-10,,,suspended
JAPAN,JP -36,HAMAOKA-3,BWR,BWR-5,1056,1983-4,,1987-1,1987-8,,,suspended
JAPAN,JP -49,HAMAOKA-4,BWR,BWR-5,1092,1989-10,,1993-1,1993-9,,,suspended
JAPAN,JP -60,HAMAOKA-5,BWR,ABWR,1325,2000-7,,2004-4,2005-1,,,suspended
JAPAN,JP -58,HIGASHI (TOHOKU) DORI-1,BWR,BWR-5,1067,2000-11,,2005-3,2005-12,,,suspended
JAPAN,JP -33,1 KASHIWAZAKI KARIWA-,BWR,BWR-5,1067,1980-6,,1985-2,1985-9,,,suspended
JAPAN,JP -39,2 KASHIWAZAKI KARIWA-,BWR,BWR-5,1067,1985-11,,1990-2,1990-9,,,suspended
JAPAN,JP -52,3 KASHIWAZAKI KARIWA-,BWR,BWR-5,1067,1989-3,,1992-12,1993-8,,,suspended
JAPAN,JP -53,4 KASHIWAZAKI KARIWA-,BWR,BWR-5,1067,1990-3,,1993-12,1994-8,,,suspended
JAPAN,JP -40,5 KASHIWAZAKI KARIWA-,BWR,BWR-5,1067,1985-6,,1989-9,1990-4,,,suspended
JAPAN,JP -55,6 KASHIWAZAKI KARIWA-,BWR,ABWR,1315,1992-11,,1996-1,1996-11,,,suspended
JAPAN,JP -56,7 KASHIWAZAKI KARIWA-,BWR,ABWR,1315,1993-7,,1996-12,1997-7,,,suspended
JAPAN,JP -57,ONAGAWA-3,BWR,BWR-5,796,1998-1,,2001-5,2002-1,,,suspended
JAPAN,JP -48,SHIKA-1,BWR,BWR-5,505,1989-7,,1993-1,1993-7,,,suspended
JAPAN,JP -59,SHIKA-2,BWR,ABWR,1108,2001-8,,2005-7,2006-3,,,suspended
JAPAN,JP -21,TOKAI-2,BWR,BWR-5,1060,1973-10,,1978-3,1978-11,,,suspended
JAPAN,JP -43,TOMARI-1,PWR,M (2-loop),550,1985-4,,1988-12,1989-6,,,suspended
JAPAN,JP -44,TOMARI-2,PWR,M (2-loop),550,1985-6,,1990-8,1991-4,,,suspended
JAPAN,JP -64,TOMARI-3,PWR,M (3-loop),866,2004-11,,2009-3,2009-12,,,suspended
JAPAN,JP -34,TSURUGA-2,PWR,M (4-loop),1108,1982-11,,1986-6,1987-2,,,suspended
ARGENTINA,AR -4,CAREM25,PWR,CAREM Prototyp,25,2015-8,,,,,,under construction
BANGLADESH,BD -1,ROOPPUR-1,PWR,VVER V-523,1080,2017-11,,,,,,under construction
BANGLADESH,BD -2,ROOPPUR-2,PWR,VVER V-523,1080,2018-7,,,,,,under construction
BRAZIL,BR -3,ANGRA-3,PWR,PRE KONVOI,1340,2010-5,2028-3,2028-3,2028-7,,,under construction
CHINA,CN -65,CHANGJIANG-3,PWR,HPR1000,1000,2021-3,,,,,,under construction
CHINA,CN -66,CHANGJIANG-4,PWR,HPR1000,1000,2021-12,,,,,,under construction
CHINA,CN -74,HAIYANG-3,PWR,CAP1000,1161,2022-7,,,,,,under construction
CHINA,CN -75,HAIYANG-4,PWR,CAP1000,1161,2023-4,,,,,,under construction
CHINA,CN -79,LIANJIANG-1,PWR,CAP1000,1224,2023-9,,,,,,under construction
CHINA,CN -80,LIANJIANG-2,PWR,CAP1000,1224,2024-4,,,,,,under construction
CHINA,CN -69,LINGLONG-1,PWR,ACP100,100,2021-7,,,,,,under construction
CHINA,CN -76,LUFENG-5,PWR,HPR1000,1116,2022-9,,,,,,under construction
CHINA,CN -77,LUFENG-6,PWR,HPR1000,1116,2023-8,,,,,,under construction
CHINA,CN -85,NINGDE-5,PWR,HPR1000,1200,2024-7,,,,,,under construction
CHINA,CN -63,SANAO-1,PWR,HRP1000,1117,2020-12,,,,,,under construction
CHINA,CN -64,SANAO-2,PWR,HRP1000,1117,2021-12,,,,,,under construction
CHINA,CN -72,SANMEN-3,PWR,CAP1000,1163,2022-6,,,,,,under construction
CHINA,CN -73,SANMEN-4,PWR,CAP1000,1163,2023-3,,,,,,under construction
CHINA,CN -87,SHIDAOWAN-1,PWR,HPR1000,1134,2024-7,,,,,,under construction
CHINA,CN -61,TAIPINGLING-1,PWR,HPR1000,1116,2019-12,,,,,,under construction
CHINA,CN -62,TAIPINGLING-2,PWR,HPR1000,1116,2020-10,,,,,,under construction
CHINA,CN -67,TIANWAN-7,PWR,VVER-1200/V491,1171,2021-5,,,,,,under construction
CHINA,CN -68,TIANWAN-8,PWR,VVER-1200/V491,1171,2022-2,,,,,,under construction
CHINA,CN -00,XIAPU-1,FBR,CFR600,642,2017-12,,,,,,under construction
CHINA,CN -78,XIAPU-2,FBR,CFR600,642,2020-12,,,,,,under construction
CHINA,CN -81,XUDAPU-1,PWR,CAP1000,1000,2023-11,,,,,,under construction
CHINA,CN -82,XUDAPU-2,PWR,CAP1000,1000,2024-7,,,,,,under construction
CHINA,CN -70,XUDAPU-3,PWR,VVER-1200/V491,1200,2021-7,,,,,,under construction
CHINA,CN -71,XUDAPU-4,PWR,VVER-1200/V491,1200,2022-5,,,,,,under construction
CHINA,CN -58,ZHANGZHOU-2,PWR,HPR1000,1126,2020-9,,,,,,under construction
CHINA,CN -83,ZHANGZHOU-3,PWR,HPR1000,1129,2024-2,,,,,,under construction
CHINA,CN -84,ZHANGZHOU-4,PWR,HPR1000,1129,2024-9,,,,,,under construction
EGYPT,EG -1,EL DABAA-1,PWR,VVER-1200,1100,2022-7,,,,,,under construction
EGYPT,EG -2,EL DABAA-2,PWR,VVER-1200,1100,2022-11,,,,,,under construction
EGYPT,EG -3,EL DABAA-3,PWR,VVER-1200,1100,2023-5,,,,,,under construction
EGYPT,EG -4,EL DABAA-4,PWR,VVER-1200,1100,2024-1,,,,,,under construction
INDIA,IN -35,KUDANKULAM-3,PWR,VVER V-412,917,2017-6,,,,,,under construction
INDIA,IN -36,KUDANKULAM-4,PWR,VVER V-412,917,2017-10,,,,,,under construction
INDIA,IN -37,KUDANKULAM-5,PWR,VVERV412,917,2021-6,,,,,,under construction
INDIA,IN -38,KUDANKULAM-6,PWR,VVERV412,917,2021-12,,,,,,under construction
INDIA,IN -29,PFBR,FBR,Prototype,470,2004-10,,,,,,under construction
INDIA,IN -21,RAJASTHAN-7,PHWR,Horizontal Pre,630,2011-7,2024-9,2025-3,2025-4,,,under construction
INDIA,IN -22,RAJASTHAN-8,PHWR,Horizontal Pre,630,2011-9,,,,,,under construction
"IRAN,ISL.REP",IR -2,BUSHEHR-2,PWR,V-528 VVER-100,974,2019-9,,,,,,under construction
JAPAN,JP -66,OHMA,BWR,ABWR,1328,2010-5,,,,,,under construction
JAPAN,JP -65,SHIMANE-3,BWR,ABWR,1325,2006-10,,,,,,under construction
"KOREA,REP.OF",KR -29,SAEUL-3,PWR,APR-1400,1340,2017-4,,,,,,under construction
"KOREA,REP.OF",KR -30,SAEUL-4,PWR,APR-1400,1340,2018-9,,,,,,under construction
PAKISTAN,PK -8,CHASNUPP-5,PWR,Hualong-1,1117,2024-12,,,,,,under construction
RUSSIA,RU -208,BREST-OD-300,FBR,BREST-OD-300,300,2021-6,,,,,,under construction
RUSSIA,RU -166,KURSK 2-1,PWR,VVER V-510,1200,2018-4,2025-5,2025-6,2025-12,,,under construction
RUSSIA,RU -189,KURSK 2-2,PWR,VVER V-510,1200,2019-4,2026-12,2027-3,2027-11,,,under construction
RUSSIA,RU -165,LENINGRAD 2-3,PWR,VVER V-491,1150,2024-3,2029-12,2030-12,2031-1,,,under construction
SLOVAKIA,SK -11,MOCHOVCE-4,PWR,VVER V-213,440,1987-1,,,,,,under construction
TÜRKIYE,TR -1,AKKUYU-1,PWR,VVER V-509,1114,2018-4,,,,,,under construction
TÜRKIYE,TR -2,AKKUYU-2,PWR,VVER V-509,1114,2020-4,,,,,,under construction
TÜRKIYE,TR -3,AKKUYU-3,PWR,VVER V-509,1114,2021-3,,,,,,under construction
TÜRKIYE,TR -4,AKKUYU-4,PWR,VVER V-509,1114,2022-7,,,,,,under construction
UK,GB -25A,HINKLEY POINT C-1,PWR,EPR-1750,1630,2018-12,,,,,,under construction
UK,GB -25B,HINKLEY POINT C-2,PWR,EPR-1750,1630,2019-12,,,,,,under construction
UKRAINE,UA -51,KHMELNITSKI-3,PWR,VVER,1035,1986-3,,,,,,under construction
UKRAINE,UA -52,KHMELNITSKI-4,PWR,VVER,1035,1987-2,,,,,,under construction
ARMENIA,AM -18,ARMENIAN-1,PWR,,376,1969-7,,1976-12,1977-10,,1989-2,shutdown
BELGIUM,BE -1,BR-3,PWR,,10,1957-11,,1962-10,1962-10,,1987-6,shutdown
BELGIUM,BE -5,DOEL-3,PWR,,1006,1975-1,,1982-6,1982-10,,2022-9,shutdown
BELGIUM,BE -6,TIHANGE-2,PWR,,1008,1976-4,,1982-10,1983-6,,2023-2,shutdown
BULGARIA,BG -1,KOZLODUY-1,PWR,,408,1970-4,,1974-7,1974-10,,2002-12,shutdown
BULGARIA,BG -2,KOZLODUY-2,PWR,,408,1970-4,,1975-8,1975-11,,2002-12,shutdown
BULGARIA,BG -3,KOZLODUY-3,PWR,,408,1973-10,,1980-12,1981-1,,2006-12,shutdown
BULGARIA,BG -4,KOZLODUY-4,PWR,,408,1973-10,,1982-5,1982-6,,2006-12,shutdown
CANADA,CA -2,DOUGLAS POINT,PHWR,,206,1960-2,,1967-1,1968-9,,1984-5,shutdown
CANADA,CA -3,GENTILLY-1,HWLWR,,250,1966-9,,1971-4,1972-5,,1977-6,shutdown
CANADA,CA -12,GENTILLY-2,PHWR,,635,1974-4,,1982-12,1983-10,,2012-12,shutdown
CANADA,CA -4,PICKERING-1,PHWR,,515,1966-6,,1971-4,1971-7,,2024-10,shutdown
CANADA,CA -5,PICKERING-2,PHWR,,515,1966-9,,1971-10,1971-12,,2007-5,shutdown
CANADA,CA -6,PICKERING-3,PHWR,,515,1967-12,,1972-5,1972-6,,2008-10,shutdown
CANADA,CA -7,PICKERING-4,PHWR,,515,1968-5,,1973-5,1973-6,,2024-12,shutdown
CANADA,CA -1,ROLPHTON NPD,PHWR,,22,1958-1,,1962-6,1962-10,,1987-8,shutdown
FRANCE,FR -9,BUGEY-1,GCR,,540,1965-12,,1972-4,1972-7,,1994-5,shutdown
FRANCE,FR -2,CHINON A-1,GCR,,70,1957-2,,1963-6,1964-2,,1973-4,shutdown
FRANCE,FR -3,CHINON A-2,GCR,,180,1959-8,,1965-2,1965-2,,1985-6,shutdown
FRANCE,FR -4,CHINON A-3,GCR,,360,1961-3,,1966-8,1966-8,,1990-6,shutdown
FRANCE,FR -5,CHOOZ-A (ARDENNES),PWR,,305,1962-1,,1967-4,1967-4,,1991-10,shutdown
FRANCE,FR -6,EL-4 (MONTS D'ARREE),HWGCR,,70,1962-7,,1967-7,1968-6,,1985-7,shutdown
FRANCE,FR -11,FESSENHEIM-1,PWR,,880,1971-9,,1977-4,1978-1,,2020-2,shutdown
FRANCE,FR -12,FESSENHEIM-2,PWR,,880,1972-2,,1977-10,1978-4,,2020-6,shutdown
FRANCE,FR -1B,G-2 (MARCOULE),GCR,,39,1955-3,,1959-4,1959-4,,1980-2,shutdown
FRANCE,FR -1,G-3 (MARCOULE),GCR,,40,1956-3,,1960-4,1960-4,,1984-6,shutdown
FRANCE,FR -10,PHENIX,FBR,,130,1968-11,,1973-12,1974-7,,2010-2,shutdown
FRANCE,FR -7,ST. LAURENT A-1,GCR,,390,1963-10,,1969-3,1969-6,,1990-4,shutdown
FRANCE,FR -8,ST. LAURENT A-2,GCR,,465,1966-1,,1971-8,1971-11,,1992-5,shutdown
FRANCE,FR -24,SUPER-PHENIX,FBR,,1200,1976-12,,1986-1,1986-12,,1998-12,shutdown
GERMANY,DE -4,AVR JUELICH,HTGR,,13,1961-8,,1967-12,1969-5,,1988-12,shutdown
GERMANY,DE -12,BIBLIS-A,PWR,,1167,1970-1,,1974-8,1975-2,,2011-8,shutdown
GERMANY,DE -18,BIBLIS-B,PWR,,1240,1972-2,,1976-4,1977-1,,2011-8,shutdown
GERMANY,DE -32,BROKDORF,PWR,,1410,1976-1,,1986-10,1986-12,,2021-12,shutdown
GERMANY,DE -13,BRUNSBUETTEL,BWR,,771,1970-4,,1976-7,1977-2,,2011-8,shutdown
GERMANY,DE -33,EMSLAND,PWR,,1335,1982-8,,1988-4,1988-6,,2023-4,shutdown
GERMANY,DE -23,GRAFENRHEINFELD,PWR,,1275,1975-1,,1981-12,1982-6,,2015-6,shutdown
GERMANY,DE -502,GREIFSWALD-1,PWR,,408,1970-3,,1973-12,1974-7,,1990-12,shutdown
GERMANY,DE -503,GREIFSWALD-2,PWR,,408,1970-3,,1974-12,1975-4,,1990-2,shutdown
GERMANY,DE -504,GREIFSWALD-3,PWR,,408,1972-4,,1977-10,1978-5,,1990-2,shutdown
GERMANY,DE -505,GREIFSWALD-4,PWR,,408,1972-4,,1979-9,1979-11,,1990-6,shutdown
GERMANY,DE -506,GREIFSWALD-5,PWR,,408,1976-12,,1989-4,1989-11,,1989-11,shutdown
GERMANY,DE -27,GROHNDE,PWR,,1360,1976-6,,1984-9,1985-2,,2021-12,shutdown
GERMANY,DE -3,GUNDREMMINGEN-A,BWR,,237,1962-12,,1966-12,1967-4,,1977-1,shutdown
GERMANY,DE -26,GUNDREMMINGEN-B,BWR,,1284,1976-7,,1984-3,1984-7,,2017-12,shutdown
GERMANY,DE -28,GUNDREMMINGEN-C,BWR,,1288,1976-7,,1984-11,1985-1,,2021-12,shutdown
GERMANY,DE -16,ISAR-1,BWR,,878,1972-5,,1977-12,1979-3,,2011-8,shutdown
GERMANY,DE -31,ISAR-2,PWR,,1410,1982-9,,1988-1,1988-4,,2023-4,shutdown
GERMANY,DE -8,KNK II,FBR,,17,1974-9,,1978-4,1979-3,,1991-8,shutdown
GERMANY,DE -20,KRUEMMEL,BWR,,1346,1974-4,,1983-9,1984-3,,2011-8,shutdown
GERMANY,DE -6,LINGEN,BWR,,183,1964-10,,1968-7,1968-10,,1977-1,shutdown
GERMANY,DE -22,MUELHEIM-KAERLICH,PWR,,1219,1975-1,,1986-3,1987-8,,1988-9,shutdown
GERMANY,DE -2,MZFR,PHWR,,52,1961-12,,1966-3,1966-12,,1984-5,shutdown
GERMANY,DE -15,NECKARWESTHEIM-1,PWR,,785,1972-2,,1976-6,1976-12,,2011-8,shutdown
GERMANY,DE -44,NECKARWESTHEIM-2,PWR,,1310,1982-11,,1989-1,1989-4,,2023-4,shutdown
GERMANY,DE -5,OBRIGHEIM,PWR,,340,1965-3,,1968-10,1969-3,,2005-5,shutdown
GERMANY,DE -14,PHILIPPSBURG-1,BWR,,890,1970-10,,1979-5,1980-3,,2011-8,shutdown
GERMANY,DE -24,PHILIPPSBURG-2,PWR,,1402,1977-7,,1984-12,1985-4,,2019-12,shutdown
GERMANY,DE -501,RHEINSBERG,PWR,,62,1960-1,,1966-5,1966-10,,1990-6,shutdown
GERMANY,DE -10,STADE,PWR,,640,1967-12,,1972-1,1972-5,,2003-11,shutdown
GERMANY,DE -19,THTR-300,HTGR,,296,1971-5,,1985-11,1987-6,,1988-9,shutdown
GERMANY,DE -17,UNTERWESER,PWR,,1345,1972-7,,1978-9,1979-9,,2011-8,shutdown
GERMANY,DE -9,WUERGASSEN,BWR,,640,1968-1,,1971-12,1975-11,,1994-8,shutdown
ITALY,IT -4,CAORSO,BWR,,860,1970-1,,1978-5,1981-12,,1990-7,shutdown
ITALY,IT -3,ENRICO FERMI,PWR,,260,1961-7,,1964-10,1965-1,,1990-7,shutdown
ITALY,IT -2,GARIGLIANO,BWR,,150,1959-11,,1964-1,1964-6,,1982-3,shutdown
ITALY,IT -1,LATINA,GCR,,153,1958-11,,1963-5,1964-1,,1987-12,shutdown
JAPAN,JP -20,FUGEN ATR,HWLWR,,148,1972-5,,1978-7,1979-3,,2003-3,shutdown
JAPAN,JP -5,FUKUSHIMA-DAIICHI-1,BWR,,439,1967-7,,1970-11,1971-3,,2011-5,shutdown
JAPAN,JP -9,FUKUSHIMA-DAIICHI-2,BWR,,760,1969-6,,1973-12,1974-7,,2011-5,shutdown
JAPAN,JP -10,FUKUSHIMA-DAIICHI-3,BWR,,760,1970-12,,1974-10,1976-3,,2011-5,shutdown
JAPAN,JP -16,FUKUSHIMA-DAIICHI-4,BWR,,760,1973-2,,1978-2,1978-10,,2011-5,shutdown
JAPAN,JP -17,FUKUSHIMA-DAIICHI-5,BWR,,760,1972-5,,1977-9,1978-4,,2013-12,shutdown
JAPAN,JP -18,FUKUSHIMA-DAIICHI-6,BWR,,1067,1973-10,,1979-5,1979-10,,2013-12,shutdown
JAPAN,JP -25,FUKUSHIMA-DAINI-1,BWR,,1067,1976-3,,1981-7,1982-4,,2019-9,shutdown
JAPAN,JP -26,FUKUSHIMA-DAINI-2,BWR,,1067,1979-5,,1983-6,1984-2,,2019-9,shutdown
JAPAN,JP -35,FUKUSHIMA-DAINI-3,BWR,,1067,1981-3,,1984-12,1985-6,,2019-9,shutdown
JAPAN,JP -38,FUKUSHIMA-DAINI-4,BWR,,1067,1981-5,,1986-12,1987-8,,2019-9,shutdown
JAPAN,JP -12,GENKAI-1,PWR,,529,1971-9,,1975-2,1975-10,,2015-4,shutdown
JAPAN,JP -27,GENKAI-2,PWR,,529,1977-2,,1980-6,1981-3,,2019-4,shutdown
JAPAN,JP -11,HAMAOKA-1,BWR,,515,1971-6,,1974-8,1976-3,,2009-1,shutdown
JAPAN,JP -24,HAMAOKA-2,BWR,,806,1974-6,,1978-5,1978-11,,2009-1,shutdown
JAPAN,JP -23,IKATA-1,PWR,,538,1973-9,,1977-2,1977-9,,2016-5,shutdown
JAPAN,JP -32,IKATA-2,PWR,,538,1978-8,,1981-8,1982-3,,2018-5,shutdown
JAPAN,JP -1,JPDR,BWR,,12,1960-12,,1963-10,1965-3,,1976-3,shutdown
JAPAN,JP -4,MIHAMA-1,PWR,,320,1967-2,,1970-8,1970-11,,2015-4,shutdown
JAPAN,JP -6,MIHAMA-2,PWR,,470,1968-5,,1972-4,1972-7,,2015-4,shutdown
JAPAN,JP -31,MONJU,FBR,,246,1986-5,,1995-8,,,2017-12,shutdown
JAPAN,JP -15,OHI-1,PWR,,1120,1972-10,,1977-12,1979-3,,2018-3,shutdown
JAPAN,JP -19,OHI-2,PWR,,1120,1972-12,,1978-10,1979-12,,2018-3,shutdown
JAPAN,JP -22,ONAGAWA-1,BWR,,498,1980-7,,1983-11,1984-6,,2018-12,shutdown
JAPAN,JP -7,SHIMANE-1,BWR,,439,1970-7,,1973-12,1974-3,,2015-4,shutdown
JAPAN,JP -2,TOKAI-1,GCR,,137,1961-3,,1965-11,1966-7,,1998-3,shutdown
JAPAN,JP -3,TSURUGA-1,BWR,,340,1966-4,,1969-11,1970-3,,2015-4,shutdown
KAZAKHSTAN,KZ -10,AKTAU,FBR,,52,1964-10,,1973-7,1973-7,,1999-4,shutdown
"KOREA,REP.OF",KR -1,KORI-1,PWR,,576,1972-8,,1977-6,1978-4,,2017-6,shutdown
"KOREA,REP.OF",KR -3,WOLSONG-1,PHWR,,661,1977-10,,1982-12,1983-4,,2019-12,shutdown
LITHUANIA,LT -46,IGNALINA-1,LWGR,,1185,1977-5,,1983-12,1985-5,,2004-12,shutdown
LITHUANIA,LT -47,IGNALINA-2,LWGR,,1185,1978-1,,1987-8,1987-12,,2009-12,shutdown
NETHERLANDS,NL -1,DODEWAARD,BWR,,55,1965-5,,1968-10,1969-3,,1997-3,shutdown
PAKISTAN,PK -1,KANUPP-1,PHWR,,90,1966-8,,1971-10,1972-12,,2021-8,shutdown
RUSSIA,RU -1,APS-1 OBNINSK,LWGR,,5,1951-1,,1954-6,1954-12,,2002-4,shutdown
RUSSIA,RU -3,BELOYARSK-1,LWGR,,102,1958-6,,1964-4,1964-4,,1983-1,shutdown
RUSSIA,RU -6,BELOYARSK-2,LWGR,,146,1962-1,,1967-12,1969-12,,1990-1,shutdown
RUSSIA,RU -141,BILIBINO-1,LWGR,,11,1970-1,,1974-1,1974-4,,2019-1,shutdown
RUSSIA,RU -17,KURSK-1,LWGR,,925,1972-6,,1976-12,1977-10,,2021-12,shutdown
RUSSIA,RU -22,KURSK-2,LWGR,,925,1973-1,,1979-1,1979-8,,2024-1,shutdown
RUSSIA,RU -15,LENINGRAD-1,LWGR,,925,1970-3,,1973-12,1974-11,,2018-12,shutdown
RUSSIA,RU -16,LENINGRAD-2,LWGR,,925,1970-6,,1975-7,1976-2,,2020-11,shutdown
RUSSIA,RU -4,NOVOVORONEZH-1,PWR,,197,1957-7,,1964-9,1964-12,,1988-2,shutdown
RUSSIA,RU -8,NOVOVORONEZH-2,PWR,,336,1964-6,,1969-12,1970-4,,1990-8,shutdown
RUSSIA,RU -9,NOVOVORONEZH-3,PWR,,385,1967-7,,1971-12,1972-6,,2016-12,shutdown
SLOVAKIA,SK -1,BOHUNICE A1,HWGCR,,93,1958-8,,1972-12,1972-12,,1977-2,shutdown
SLOVAKIA,SK -2,BOHUNICE-1,PWR,,408,1972-4,,1978-12,1980-4,,2006-12,shutdown
SLOVAKIA,SK -3,BOHUNICE-2,PWR,,408,1972-4,,1980-3,1981-1,,2008-12,shutdown
SPAIN,ES -1,JOSE CABRERA-1,PWR,,141,1964-6,,1968-7,1969-8,,2006-4,shutdown
SPAIN,ES -2,SANTA MARIA DE,GARONA BWR,,446,1966-9,,1971-3,1971-5,,2017-8,shutdown
SPAIN,ES -3,VANDELLOS-1,GCR,,480,1968-6,,1972-5,1972-8,,1990-7,shutdown
SWEDEN,SE -1,AGESTA,PHWR,,10,1957-12,,1964-5,1964-5,,1974-6,shutdown
SWEDEN,SE -6,BARSEBACK-1,BWR,,600,1971-2,,1975-5,1975-7,,1999-11,shutdown
SWEDEN,SE -8,BARSEBACK-2,BWR,,600,1973-1,,1977-3,1977-7,,2005-5,shutdown
SWEDEN,SE -2,OSKARSHAMN-1,BWR,,473,1966-8,,1971-8,1972-2,,2017-6,shutdown
SWEDEN,SE -3,OSKARSHAMN-2,BWR,,638,1969-9,,1974-10,1975-1,,2016-12,shutdown
SWEDEN,SE -4,RINGHALS-1,BWR,,881,1969-2,,1974-10,1976-1,,2020-12,shutdown
SWEDEN,SE -5,RINGHALS-2,PWR,,852,1970-10,,1974-8,1975-5,,2019-12,shutdown
SWITZERLAND,CH -8,LUCENS,HWGCR,,6,1962-4,,1968-1,,,1969-1,shutdown
SWITZERLAND,CH -2,MUEHLEBERG,BWR,,373,1967-3,,1971-7,1972-11,,2019-12,shutdown
UK,GB -3A,BERKELEY-1,GCR,,138,1957-1,,1962-6,1962-6,,1989-3,shutdown
UK,GB -3B,BERKELEY-2,GCR,,138,1957-1,,1962-6,1962-10,,1988-10,shutdown
UK,GB -4A,BRADWELL-1,GCR,,123,1957-1,,1962-7,1962-7,,2002-3,shutdown
UK,GB -4B,BRADWELL-2,GCR,,123,1957-1,,1962-7,1962-11,,2002-3,shutdown
UK,GB -1A,CALDER HALL-1,GCR,,49,1953-8,,1956-8,1956-10,,2003-3,shutdown
UK,GB -1B,CALDER HALL-2,GCR,,49,1953-8,,1957-2,1957-2,,2003-3,shutdown
UK,GB -1C,CALDER HALL-3,GCR,,49,1955-8,,1958-3,1958-5,,2003-3,shutdown
UK,GB -1D,CALDER HALL-4,GCR,,49,1955-8,,1959-4,1959-4,,2003-3,shutdown
UK,GB -2A,CHAPELCROSS-1,GCR,,48,1955-10,,1959-2,1959-3,,2004-6,shutdown
UK,GB -2B,CHAPELCROSS-2,GCR,,48,1955-10,,1959-7,1959-8,,2004-6,shutdown
UK,GB -2C,CHAPELCROSS-3,GCR,,48,1955-10,,1959-11,1959-12,,2004-6,shutdown
UK,GB -2D,CHAPELCROSS-4,GCR,,48,1955-10,,1960-1,1960-3,,2004-6,shutdown
UK,GB -14,DOUNREAY DFR,FBR,,11,1955-3,,1962-10,1962-10,,1977-3,shutdown
UK,GB -15,DOUNREAY PFR,FBR,,234,1966-1,,1975-1,1976-7,,1994-3,shutdown
UK,GB -9A,DUNGENESS A-1,GCR,,225,1960-7,,1965-9,1965-10,,2006-12,shutdown
UK,GB -9B,DUNGENESS A-2,GCR,,225,1960-7,,1965-11,1965-12,,2006-12,shutdown
UK,GB -18A,DUNGENESS B-1,GCR,,545,1965-10,,1983-4,1985-4,,2021-6,shutdown
UK,GB -18B,DUNGENESS B-2,GCR,,545,1965-10,,1985-12,1989-4,,2021-6,shutdown
UK,GB -7A,HINKLEY POINT A-1,GCR,,235,1957-11,,1965-2,1965-3,,2000-5,shutdown
UK,GB -7B,HINKLEY POINT A-2,GCR,,235,1957-11,,1965-3,1965-5,,2000-5,shutdown
UK,GB -16A,HINKLEY POINT B-1,GCR,,485,1967-9,,1976-10,1978-10,,2022-8,shutdown
UK,GB -16B,HINKLEY POINT B-2,GCR,,480,1967-9,,1976-2,1976-9,,2022-7,shutdown
UK,GB -6A,HUNTERSTON A-1,GCR,,150,1957-10,,1964-2,1964-2,,1990-3,shutdown
UK,GB -6B,HUNTERSTON A-2,GCR,,150,1957-10,,1964-6,1964-7,,1989-12,shutdown
UK,GB -17A,HUNTERSTON B-1,GCR,,490,1967-11,,1976-2,1976-2,,2021-11,shutdown
UK,GB -17B,HUNTERSTON B-2,GCR,,495,1967-11,,1977-3,1977-4,,2022-1,shutdown
UK,GB -11A,OLDBURY A-1,GCR,,217,1962-5,,1967-11,1967-12,,2012-2,shutdown
UK,GB -11B,OLDBURY A-2,GCR,,217,1962-5,,1968-4,1968-9,,2011-6,shutdown
UK,GB -10A,SIZEWELL A-1,GCR,,210,1961-4,,1966-1,1966-3,,2006-12,shutdown
UK,GB -10B,SIZEWELL A-2,GCR,,210,1961-4,,1966-4,1966-9,,2006-12,shutdown
UK,GB -8A,TRAWSFYNYDD-1,GCR,,195,1959-7,,1965-1,1965-3,,1991-2,shutdown
UK,GB -8B,TRAWSFYNYDD-2,GCR,,195,1959-7,,1965-2,1965-3,,1991-2,shutdown
UK,GB -5,WINDSCALE AGR,GCR,,24,1958-11,,1963-2,1963-3,,1981-4,shutdown
UK,GB -12,WINFRITH SGHWR,SGHWR,,92,1963-5,,1967-12,1968-1,,1990-9,shutdown
UK,GB -13A,WYLFA-1,GCR,,490,1963-9,,1971-1,1971-11,,2015-12,shutdown
UK,GB -13B,WYLFA-2,GCR,,490,1963-9,,1971-7,1972-1,,2012-4,shutdown
UKRAINE,UA -25,CHERNOBYL-1,LWGR,,740,1970-3,,1977-9,1978-5,,1996-11,shutdown
UKRAINE,UA -26,CHERNOBYL-2,LWGR,,925,1973-2,,1978-12,1979-5,,1991-10,shutdown
UKRAINE,UA -42,CHERNOBYL-3,LWGR,,925,1976-3,,1981-12,1982-6,,2000-12,shutdown
UKRAINE,UA -43,CHERNOBYL-4,LWGR,,925,1979-4,,1983-12,1984-3,,1986-4,shutdown
USA,US -155,BIG ROCK POINT,BWR,,67,1960-5,,1962-12,1963-3,,1997-8,shutdown
USA,US -014,BONUS,BWR,,17,1960-1,,1964-8,1965-9,,1968-6,shutdown
USA,US -302,CRYSTAL RIVER-3,PWR,,860,1968-9,,1977-1,1977-3,,2013-2,shutdown
USA,US -144,CVTR,PHWR,,17,1960-1,,1963-12,1963-12,,1967-1,shutdown
USA,US -10,DRESDEN-1,BWR,,197,1956-5,,1960-4,1960-7,,1978-10,shutdown
USA,US -331,DUANE ARNOLD-1,BWR,,601,1970-6,,1974-5,1975-2,,2020-10,shutdown
USA,US -011,ELK RIVER,BWR,,22,1959-1,,1963-8,1964-7,,1968-2,shutdown
USA,US -16,FERMI-1,FBR,,61,1956-8,,1966-8,1966-8,,1972-11,shutdown
USA,US -285,FORT CALHOUN-1,PWR,,482,1968-6,,1973-8,1973-9,,2016-10,shutdown
USA,US -267,FORT ST. VRAIN,HTGR,,330,1968-9,,1976-12,1979-7,,1989-8,shutdown
USA,US -018,GE VALLECITOS,BWR,,24,1956-1,,1957-10,1957-10,,1963-12,shutdown
USA,US -213,HADDAM NECK,PWR,,560,1964-5,,1967-8,1968-1,,1996-12,shutdown
USA,US -077,HALLAM,X,,75,1959-1,,1963-9,1963-11,,1964-9,shutdown
USA,US -133,HUMBOLDT BAY,BWR,,63,1960-11,,1963-4,1963-8,,1976-7,shutdown
USA,US -013,INDIAN POINT-1,PWR,,257,1956-5,,1962-9,1962-10,,1974-10,shutdown
USA,US -247,INDIAN POINT-2,PWR,,998,1966-10,,1973-6,1974-8,,2020-4,shutdown
USA,US -286,INDIAN POINT-3,PWR,,1030,1968-10,,1976-4,1976-8,,2021-4,shutdown
USA,US -305,KEWAUNEE,PWR,,566,1968-8,,1974-4,1974-6,,2013-5,shutdown
USA,US -409,LACROSSE,BWR,,48,1963-3,,1968-4,1969-11,,1987-4,shutdown
USA,US -309,MAINE YANKEE,PWR,,860,1968-10,,1972-11,1972-12,,1997-8,shutdown
USA,US -245,MILLSTONE-1,BWR,,641,1966-5,,1970-11,1971-3,,1998-7,shutdown
USA,US -219,OYSTER CREEK,BWR,,619,1964-12,,1969-9,1969-12,,2018-9,shutdown
USA,US -255,PALISADES,PWR,,805,1967-3,,1971-12,,,2022-5,shutdown
USA,US -130,PATHFINDER,BWR,,59,1959-1,,1966-7,1966-8,,1967-10,shutdown
USA,US -171,PEACH BOTTOM-1,HTGR,,40,1962-2,,1967-1,1967-6,,1974-11,shutdown
USA,US -293,PILGRIM-1,BWR,,677,1968-8,,1972-7,1972-12,,2019-5,shutdown
USA,US -012,PIQUA,X,,12,1960-1,,1963-7,1963-11,,1966-1,shutdown
USA,US -312,RANCHO SECO-1,PWR,,873,1969-4,,1974-10,1975-4,,1989-6,shutdown
USA,US -206,SAN ONOFRE-1,PWR,,436,1964-5,,1967-7,1968-1,,1992-11,shutdown
USA,US -361,SAN ONOFRE-2,PWR,,1070,1974-3,,1982-9,1983-8,,2013-6,shutdown
USA,US -362,SAN ONOFRE-3,PWR,,1080,1974-3,,1983-9,1984-4,,2013-6,shutdown
USA,US -146,SAXTON,PWR,,3,1960-1,,1967-3,,,1972-5,shutdown
USA,US -001,SHIPPINGPORT,PWR,,60,1954-1,,1957-12,1958-5,,1982-10,shutdown
USA,US -322,SHOREHAM,BWR,,820,1972-11,,1986-8,,,1989-6,shutdown
USA,US -289,THREE MILE ISLAND-1,PWR,,819,1968-5,,1974-6,1974-9,,2019-9,shutdown
USA,US -320,THREE MILE ISLAND-2,PWR,,880,1969-11,,1978-4,1978-12,,1979-3,shutdown
USA,US -344,TROJAN,PWR,,1095,1970-2,,1975-12,1976-5,,1992-11,shutdown
USA,US -271,VERMONT YANKEE,BWR,,605,1967-12,,1972-9,1972-11,,2014-12,shutdown
USA,US -29,YANKEE NPS,PWR,,167,1957-11,,1960-11,1961-7,,1991-10,shutdown
USA,US -295,ZION-1,PWR,,1040,1968-12,,1973-6,1973-12,,1998-2,shutdown
USA,US -304,ZION-2,PWR,,1040,1968-12,,1973-12,1974-9,,1998-2,shutdown
"TAIWAN,CHINA",TW -1,CHINSHAN-1,BWR,,604,1972-6,,1977-11,1978-12,,2018-12,shutdown
"TAIWAN,CHINA",TW -2,CHINSHAN-2,BWR,,604,1973-12,,1978-12,1979-7,,2019-7,shutdown
"TAIWAN,CHINA",TW -3,KUOSHENG-1,BWR,,985,1975-11,,1981-5,1981-12,,2021-12,shutdown
"TAIWAN,CHINA",TW -4,KUOSHENG-2,BWR,,985,1976-3,,1982-6,1983-3,,2023-3,shutdown
"TAIWAN,CHINA",TW -5,MAANSHAN-1,PWR,,936,1978-8,,1984-5,1984-7,,2024-7,shutdown
